Smiles,Targets,Molecule ChEMBL ID,EGFR,MAPK1,SRC,STAT3,0,BBB,SMILES,peso_molecular,logP,donadores_H,aceptores_H,violaciones,Targets_nuevo,after_P_
C[C@@]1(C(=O)Nc2ccc3[nH]nc(-c4ccc(F)cc4)c3c2)CCN(CC(=O)N2CCN(c3ccc(-c4ncccn4)cc3)CC2)C1,MAPK1 P EGFR,CHEMBL4228816,0.9208036661148072,24.0,0.5,0.0451080177747161,0.0,0.135,C[C@@]1(C(=O)Nc2ccc3[nH]nc(-c4ccc(F)cc4)c3c2)CCN(CC(=O)N2CCN(c3ccc(-c4ncccn4)cc3)CC2)C1,618.7170000000002,4.825300000000004,2.0,7.0,1.0,MAPK1_P_EGFR,EGFR
COCC(=O)OC[C@@H](NC(=O)N1CCc2cnc(NC3CCOCC3)nc2C1)c1ccc(F)c(Cl)c1,MAPK1 P EGFR,CHEMBL4108835,0.9172062873840332,5.3,0.54,0.0362848742663435,0.0,0.16,COCC(=O)OC[C@@H](NC(=O)N1CCc2cnc(NC3CCOCC3)nc2C1)c1ccc(F)c(Cl)c1,521.9770000000003,2.858600000000001,2.0,8.0,1.0,MAPK1_P_EGFR,EGFR
O=C(Nc1cc2[nH]nc(Nc3ccccc3Cl)c2cn1)N[C@@H]1CCCOc2ccccc21,MAPK1 P EGFR,CHEMBL4107463,0.9271413683891296,60.1,0.6,0.6912217732353239,0.0,0.0533333333333333,O=C(Nc1cc2[nH]nc(Nc3ccccc3Cl)c2cn1)N[C@@H]1CCCOc2ccccc21,448.9140000000002,5.390300000000003,4.0,5.0,1.0,MAPK1_P_EGFR,EGFR
O=C(Nc1ccc(O)c(Cl)c1)[C@@H]1CCN(CC(=O)N2CCN(c3ccc(-c4ccc(F)cc4)cc3)CC2)C1,MAPK1 P EGFR,CHEMBL3398592,0.929602324962616,100000.0,0.53,0.2710914553939884,0.0,0.19,O=C(Nc1ccc(O)c(Cl)c1)[C@@H]1CCN(CC(=O)N2CCN(c3ccc(-c4ccc(F)cc4)cc3)CC2)C1,537.0350000000001,4.460900000000004,2.0,5.0,1.0,MAPK1_P_EGFR,EGFR
O=C(N[C@@H](c1ccc(F)c(Cl)c1)[C@@]1(F)CCNC1)c1ccc2cnc(NC3CCOCC3)nc2c1,MAPK1 P EGFR,CHEMBL3946491,0.9191216826438904,1.2,0.5,0.0102247098613288,0.0,0.0233333333333333,O=C(N[C@@H](c1ccc(F)c(Cl)c1)[C@@]1(F)CCNC1)c1ccc2cnc(NC3CCOCC3)nc2c1,501.9650000000003,4.185900000000003,3.0,6.0,1.0,MAPK1_P_EGFR,EGFR
C[C@@H](NC(=O)Nc1cc2[nH]nc(-c3ccc(F)cc3)c2cn1)c1ccc(F)c(Cl)c1,MAPK1 P EGFR,CHEMBL3654724,0.9135019183158876,9.337,0.4314285714285714,0.0820286668563974,0.0,0.05,C[C@@H](NC(=O)Nc1cc2[nH]nc(-c3ccc(F)cc3)c2cn1)c1ccc(F)c(Cl)c1,427.8420000000001,5.439200000000002,3.0,3.0,1.0,MAPK1_P_EGFR,EGFR
O=C(Nc1ccc(O)c(Cl)c1)[C@@H]1CCN(CC(=O)N2CCN(c3ccc(-c4ccoc4)cc3)CC2)C1,MAPK1 P EGFR,CHEMBL3356123,0.902301788330078,5500.0,0.53,0.286052664539737,0.0,0.03,O=C(Nc1ccc(O)c(Cl)c1)[C@@H]1CCN(CC(=O)N2CCN(c3ccc(-c4ccoc4)cc3)CC2)C1,509.0060000000003,3.914800000000003,2.0,6.0,1.0,MAPK1_P_EGFR,EGFR
O=C(Nc1ccc(O)c(F)c1)[C@@H]1CCN(CC(=O)N2CCN(c3ccc(-c4ncccn4)cc3)CC2)C1,MAPK1 P EGFR,CHEMBL3398608,0.9147781133651732,2670.0,0.63,0.1758638549616661,0.0,0.1066666666666666,O=C(Nc1ccc(O)c(F)c1)[C@@H]1CCN(CC(=O)N2CCN(c3ccc(-c4ncccn4)cc3)CC2)C1,504.56600000000026,2.597500000000001,2.0,7.0,1.0,MAPK1_P_EGFR,EGFR
CS[C@@]1(C(=O)Nc2ccc3[nH]nc(-c4ccc(F)cc4)c3c2)CCN(CC(=O)N2CCN(c3ccc(-c4ncccn4)cc3)CC2)C1,MAPK1 P EGFR,CHEMBL4215228,0.9361207485198976,5.6,0.52,0.0723440189207749,0.0,0.175,CS[C@@]1(C(=O)Nc2ccc3[nH]nc(-c4ccc(F)cc4)c3c2)CCN(CC(=O)N2CCN(c3ccc(-c4ncccn4)cc3)CC2)C1,650.7840000000001,4.920800000000004,2.0,8.0,1.0,MAPK1_P_EGFR,EGFR
O=C(N[C@@H](c1ccc(F)c(Cl)c1)[C@]1(F)CCNC1)c1ccc2cnc(NC3CCOCC3)nc2c1,MAPK1 P EGFR,CHEMBL3955181,0.9191216826438904,1.6,0.5,0.0102247098613288,0.0,0.09,O=C(N[C@@H](c1ccc(F)c(Cl)c1)[C@]1(F)CCNC1)c1ccc2cnc(NC3CCOCC3)nc2c1,501.9650000000003,4.185900000000003,3.0,6.0,1.0,MAPK1_P_EGFR,EGFR
COc1cccc(F)c1CN1CCC[C@@H](NC(=O)Nc2cc3[nH]nc(-c4ccc5nn(C)cc5c4)c3cn2)C1,MAPK1 P EGFR,CHEMBL3663100,0.9477453231811525,0.9287,0.647258064516129,0.1642716379479948,0.0,0.1,COc1cccc(F)c1CN1CCC[C@@H](NC(=O)Nc2cc3[nH]nc(-c4ccc5nn(C)cc5c4)c3cn2)C1,528.5920000000001,4.445400000000002,3.0,7.0,1.0,MAPK1_P_EGFR,EGFR
Cc1csc(-c2ccc(-c3n[nH]c4cc(NC(=O)N[C@H](C)c5ccc(F)cc5)ncc34)cn2)n1,MAPK1 P EGFR,CHEMBL3654875,0.9432982802391052,1258.0,0.4314285714285714,0.1686175755277384,0.0,0.1075,Cc1csc(-c2ccc(-c3n[nH]c4cc(NC(=O)N[C@H](C)c5ccc(F)cc5)ncc34)cn2)n1,473.5370000000001,5.473620000000004,3.0,6.0,1.0,MAPK1_P_EGFR,EGFR
O=C(N[C@H](c1ccc(F)c(Cl)c1)[C@]1(F)CCNC1)c1ccc2cnc(NC3CCOCC3)nc2c1,MAPK1 P EGFR,CHEMBL4106841,0.9191216826438904,65.4,0.5,0.0102247098613288,0.0,0.1233333333333333,O=C(N[C@H](c1ccc(F)c(Cl)c1)[C@]1(F)CCNC1)c1ccc2cnc(NC3CCOCC3)nc2c1,501.9650000000003,4.185900000000003,3.0,6.0,1.0,MAPK1_P_EGFR,EGFR
CC(C)c1cc(NC(=O)[C@@H]2CCN(CC(=O)N3CCN(c4ccc(-c5ncccn5)cc4)CC3)C2)ccc1O,MAPK1 P EGFR,CHEMBL3398607,0.9526650309562684,73.0,0.51,0.0445760047380956,0.0,0.13,CC(C)c1cc(NC(=O)[C@@H]2CCN(CC(=O)N3CCN(c4ccc(-c5ncccn5)cc4)CC3)C2)ccc1O,528.6570000000003,3.5818000000000025,2.0,7.0,1.0,MAPK1_P_EGFR,EGFR
C[C@@H](NC(=O)Nc1cc2[nH]nc(-c3ccc(N4CCCCC4)nc3)c2cn1)c1ccc(F)cc1,MAPK1 P EGFR,CHEMBL3654870,0.9187936782836914,9.85,0.5522222222222222,0.1434877231738687,0.0,0.1716666666666667,C[C@@H](NC(=O)Nc1cc2[nH]nc(-c3ccc(N4CCCCC4)nc3)c2cn1)c1ccc(F)cc1,459.5290000000002,5.032000000000004,3.0,5.0,1.0,MAPK1_P_EGFR,EGFR
O=C(Nc1ccc2[nH]nc(-c3ccc(F)cc3)c2c1)[C@@H]1CCN(CC(=O)N2CCN(c3ccc(-c4ncccn4)cc3)CC2)C1,MAPK1 P EGFR,CHEMBL4225841,0.9403402805328368,5.5,0.55,0.2607144924581356,0.0,0.15,O=C(Nc1ccc2[nH]nc(-c3ccc(F)cc3)c2c1)[C@@H]1CCN(CC(=O)N2CCN(c3ccc(-c4ncccn4)cc3)CC2)C1,604.6900000000002,4.435200000000004,2.0,7.0,1.0,MAPK1_P_EGFR,EGFR
O=C(Nc1ccc(O)c(Cl)c1)[C@@H]1CCN(CC(=O)N2CCN(c3ccc(-c4ccsc4)cc3)CC2)C1,MAPK1 P EGFR,CHEMBL3356122,0.9336885213851928,20000.0,0.51,0.2501578908662014,0.0,0.03,O=C(Nc1ccc(O)c(Cl)c1)[C@@H]1CCN(CC(=O)N2CCN(c3ccc(-c4ccsc4)cc3)CC2)C1,525.0740000000002,4.383300000000004,2.0,6.0,1.0,MAPK1_P_EGFR,EGFR
O=C(Nc1ccc(O)c(Cl)c1)[C@@H]1CCN(CC(=O)N2CCN(c3ccc(-c4cncnc4)cc3)CC2)C1,MAPK1 P EGFR,CHEMBL3398601,0.9472372531890868,1800.0,0.54,0.356378568684403,0.0,0.04,O=C(Nc1ccc(O)c(Cl)c1)[C@@H]1CCN(CC(=O)N2CCN(c3ccc(-c4cncnc4)cc3)CC2)C1,521.0210000000002,3.111800000000001,2.0,7.0,1.0,MAPK1_P_EGFR,EGFR
CO[C@@]1(C(=O)Nc2ccc3[nH]nc(-c4ccc(F)cc4)c3c2)CCN(CC(=O)N2CCN(c3ccc(-c4ncccn4)cc3)CC2)C1,MAPK1 P EGFR,CHEMBL3645233,0.9268910884857178,2.1,0.53,0.1026799464791495,0.0,0.22,CO[C@@]1(C(=O)Nc2ccc3[nH]nc(-c4ccc(F)cc4)c3c2)CCN(CC(=O)N2CCN(c3ccc(-c4ncccn4)cc3)CC2)C1,634.7160000000001,4.204200000000004,2.0,8.0,1.0,MAPK1_P_EGFR,EGFR
CC(=O)N(C[C@@H]1CCN(CC(=O)N2CCN(c3ccc(-c4ncccn4)cc3)CC2)C1)c1ccc2[nH]nc(-c3ccc(F)cc3)c2c1,MAPK1 P EGFR,CHEMBL4226108,0.9481616616249084,574.0,0.44,0.068664819724318,0.0,0.1633333333333333,CC(=O)N(C[C@@H]1CCN(CC(=O)N2CCN(c3ccc(-c4ncccn4)cc3)CC2)C1)c1ccc2[nH]nc(-c3ccc(F)cc3)c2c1,632.7440000000003,4.849600000000004,1.0,7.0,1.0,MAPK1_P_EGFR,EGFR
O=C(Nc1ccc(O)c(C2CC2)c1)[C@@H]1CCN(CC(=O)N2CCN(c3ccc(-c4ncccn4)cc3)CC2)C1,MAPK1 P EGFR,CHEMBL3398606,0.913298726081848,36.0,0.62,0.2129566051918824,0.0,0.1333333333333333,O=C(Nc1ccc(O)c(C2CC2)c1)[C@@H]1CCN(CC(=O)N2CCN(c3ccc(-c4ncccn4)cc3)CC2)C1,526.6410000000002,3.3358000000000017,2.0,7.0,1.0,MAPK1_P_EGFR,EGFR
O=C(CN1CC[C@@H](CNc2ccc3[nH]nc(-c4ccc(F)cc4)c3c2)C1)N1CCN(c2ccc(-c3ncccn3)cc2)CC1,MAPK1 P EGFR,CHEMBL4225250,0.9462618827819824,960.0,0.47,0.3477362087745617,0.0,0.12,O=C(CN1CC[C@@H](CNc2ccc3[nH]nc(-c4ccc(F)cc4)c3c2)C1)N1CCN(c2ccc(-c3ncccn3)cc2)CC1,590.7070000000001,4.908600000000004,2.0,7.0,1.0,MAPK1_P_EGFR,EGFR
O=C(Nc1ccc(O)c(Cl)c1)[C@@H]1CCN(CC(=O)N2CCN(c3ccc(-c4cccc(F)c4)cc3)CC2)C1,MAPK1 P EGFR,CHEMBL3398593,0.907167673110962,2200.0,0.55,0.2134053065288153,0.0,0.09,O=C(Nc1ccc(O)c(Cl)c1)[C@@H]1CCN(CC(=O)N2CCN(c3ccc(-c4cccc(F)c4)cc3)CC2)C1,537.0350000000001,4.460900000000004,2.0,5.0,1.0,MAPK1_P_EGFR,EGFR
O=C(Nc1ccc(O)c(Cl)c1)[C@@H]1CCN(CC(=O)N2CCN(c3ccc(-c4ccccc4F)cc3)CC2)C1,MAPK1 P EGFR,CHEMBL3398594,0.9239968061447144,1200.0,0.52,0.1416015659825313,0.0,0.1,O=C(Nc1ccc(O)c(Cl)c1)[C@@H]1CCN(CC(=O)N2CCN(c3ccc(-c4ccccc4F)cc3)CC2)C1,537.0350000000001,4.460900000000004,2.0,5.0,1.0,MAPK1_P_EGFR,EGFR
C[C@@H](NC(=O)Nc1cc2[nH]nc(-c3ccc(C#N)cc3)c2cn1)c1cccc(Cl)c1,MAPK1 P EGFR,CHEMBL3654735,0.9029199481010436,6.107,0.4247619047619047,0.1251396579584363,0.0,0.11,C[C@@H](NC(=O)Nc1cc2[nH]nc(-c3ccc(C#N)cc3)c2cn1)c1cccc(Cl)c1,416.87200000000007,5.032680000000003,3.0,4.0,1.0,MAPK1_P_EGFR,EGFR
O=C(Nc1ccc(O)c(Cl)c1)[C@@H]1CCN(CC(=O)N2CCN(c3ccc(-c4cnco4)cc3)CC2)C1,MAPK1 P EGFR,CHEMBL3398597,0.9599697589874268,12000.0,0.54,0.3476721936610624,0.0,0.03,O=C(Nc1ccc(O)c(Cl)c1)[C@@H]1CCN(CC(=O)N2CCN(c3ccc(-c4cnco4)cc3)CC2)C1,509.9940000000003,3.309800000000002,2.0,7.0,1.0,MAPK1_P_EGFR,EGFR
O=C(CN1CCC(CF)(C(=O)Nc2ccc3[nH]nc(-c4ccc(F)cc4)c3c2)C1)N1CCN(c2ccc(-c3ncccn3)cc2)CC1,MAPK1 P EGFR,CHEMBL4225054,0.9338797926902772,5.8,0.54,0.0982689175801588,0.0,0.045,O=C(CN1CCC(CF)(C(=O)Nc2ccc3[nH]nc(-c4ccc(F)cc4)c3c2)C1)N1CCN(c2ccc(-c3ncccn3)cc2)CC1,636.7070000000001,4.774900000000005,2.0,7.0,1.0,MAPK1_P_EGFR,EGFR
Cc1cc(-c2n[nH]c3cc(NC(=O)NC4CCCC(Oc5ccc(Cl)c(F)c5)C4)ncc23)ccn1,MAPK1 P EGFR,CHEMBL3663076,0.939780294895172,36.43,0.625,0.3409559092949746,0.0,0.04,Cc1cc(-c2n[nH]c3cc(NC(=O)NC4CCCC(Oc5ccc(Cl)c(F)c5)C4)ncc23)ccn1,494.95800000000014,5.632520000000005,3.0,5.0,1.0,MAPK1_P_EGFR,EGFR
O=C(Nc1ccc(O)c(Cl)c1)[C@@H]1CCN(CC(=O)N2CCN(c3ccc(-c4cccs4)cc3)CC2)C1,MAPK1 P EGFR,CHEMBL3398596,0.9237878322601318,20000.0,0.53,0.2160256863452997,0.0,0.01,O=C(Nc1ccc(O)c(Cl)c1)[C@@H]1CCN(CC(=O)N2CCN(c3ccc(-c4cccs4)cc3)CC2)C1,525.0740000000002,4.383300000000004,2.0,6.0,1.0,MAPK1_P_EGFR,EGFR
O=C(Nc1ccc(O)c(Cl)c1)[C@@H]1CCN(CC(=O)N2CCN(c3ccc(-c4ncc(F)cn4)cc3)CC2)C1,MAPK1 P EGFR,CHEMBL3398600,0.9239124655723572,1760.0,0.65,0.3335850402928718,0.0,0.09,O=C(Nc1ccc(O)c(Cl)c1)[C@@H]1CCN(CC(=O)N2CCN(c3ccc(-c4ncc(F)cn4)cc3)CC2)C1,539.0110000000001,3.2509000000000023,2.0,7.0,1.0,MAPK1_P_EGFR,EGFR
CCc1cnc(-c2ccc(N3CCN(C(=O)CN4CC[C@@H](C(=O)Nc5ccc(O)c(Cl)c5)C4)CC3)cc2)nc1,MAPK1 P EGFR,CHEMBL3398599,0.9484041333198548,5.0,0.65,0.1531264655953199,0.0,0.4008333333333332,CCc1cnc(-c2ccc(N3CCN(C(=O)CN4CC[C@@H](C(=O)Nc5ccc(O)c(Cl)c5)C4)CC3)cc2)nc1,549.0750000000002,3.6742000000000017,2.0,7.0,1.0,MAPK1_P_EGFR,EGFR
O=C(N[C@H](c1ccc(F)c(Cl)c1)[C@@]1(F)CCNC1)c1ccc2cnc(NC3CCOCC3)nc2c1,MAPK1 P EGFR,CHEMBL4111837,0.9191216826438904,73.6,0.5,0.0102247098613288,0.0,0.74,O=C(N[C@H](c1ccc(F)c(Cl)c1)[C@@]1(F)CCNC1)c1ccc2cnc(NC3CCOCC3)nc2c1,501.9650000000003,4.185900000000003,3.0,6.0,1.0,MAPK1_P_EGFR,EGFR
O=C(Nc1ccc(O)c(C(F)(F)F)c1)[C@@H]1CCN(CC(=O)N2CCN(c3ccc(-c4ncccn4)cc3)CC2)C1,MAPK1 P EGFR,CHEMBL3398605,0.9675021767616272,100.0,0.62,0.2120915952132022,0.0,0.06,O=C(Nc1ccc(O)c(C(F)(F)F)c1)[C@@H]1CCN(CC(=O)N2CCN(c3ccc(-c4ncccn4)cc3)CC2)C1,554.5730000000001,3.4772000000000025,2.0,7.0,1.0,MAPK1_P_EGFR,EGFR
O=C(Nc1ccc(O)c(Cl)c1)[C@@H]1CCN(CC(=O)N2CCN(c3ccc(-c4nccs4)cc3)CC2)C1,MAPK1 P EGFR,CHEMBL3398604,0.9267273545265198,300.0,0.63,0.2237658860733419,0.0,0.27,O=C(Nc1ccc(O)c(Cl)c1)[C@@H]1CCN(CC(=O)N2CCN(c3ccc(-c4nccs4)cc3)CC2)C1,526.0620000000001,3.7783000000000015,2.0,7.0,1.0,MAPK1_P_EGFR,EGFR
O=C(Nc1ccc(O)c(Cl)c1)[C@@H]1CCN(CC(=O)N2CCN(c3ccc(-c4ncccn4)cc3)CC2)C1,MAPK1 P EGFR,CHEMBL3398598,0.9176315069198608,410.0,0.62,0.2889956146910176,0.0,0.17,O=C(Nc1ccc(O)c(Cl)c1)[C@@H]1CCN(CC(=O)N2CCN(c3ccc(-c4ncccn4)cc3)CC2)C1,521.0210000000002,3.111800000000001,2.0,7.0,1.0,MAPK1_P_EGFR,EGFR
C=CC(=O)Nc1cc(C)ccc1Nc1nc(Nc2cc(OC)ncc2C)ncc1C(F)(F)F,MAPK1 P EGFR,CHEMBL5183609,0.9056329727172852,10.0,0.65,0.7929068542232033,0.0,0.24,C=CC(=O)Nc1cc(C)ccc1Nc1nc(Nc2cc(OC)ncc2C)ncc1C(F)(F)F,458.4440000000002,5.127540000000002,3.0,7.0,1.0,MAPK1_P_EGFR,EGFR
COC[C@@]1(C(=O)Nc2ccc3[nH]nc(-c4ccc(F)cc4)c3c2)CCN(CC(=O)N2CCN(c3ccc(-c4ncccn4)cc3)CC2)C1,MAPK1 P EGFR,CHEMBL4228493,0.9447025060653688,25.0,0.53,0.076081672837868,0.0,0.0,COC[C@@]1(C(=O)Nc2ccc3[nH]nc(-c4ccc(F)cc4)c3c2)CCN(CC(=O)N2CCN(c3ccc(-c4ncccn4)cc3)CC2)C1,648.743,4.451800000000004,2.0,8.0,1.0,MAPK1_P_EGFR,EGFR
CCO[C@@]1(C(=O)Nc2ccc3[nH]nc(-c4ccc(F)cc4)c3c2)CCN(CC(=O)N2CCN(c3ccc(-c4ncccn4)cc3)CC2)C1,MAPK1 P EGFR,CHEMBL4226533,0.9121177196502686,9.7,0.54,0.0400250145359417,0.0,0.075,CCO[C@@]1(C(=O)Nc2ccc3[nH]nc(-c4ccc(F)cc4)c3c2)CCN(CC(=O)N2CCN(c3ccc(-c4ncccn4)cc3)CC2)C1,648.743,4.594300000000005,2.0,8.0,1.0,MAPK1_P_EGFR,EGFR
COc1cccc(-c2cn(-c3ccc(CCOP(=O)(O)CP(=O)(O)O)cc3)c3ncnc(N)c23)c1,SRC P EGFR,CHEMBL102183,0.9070442914962769,0.2586741149425506,700.0,0.1267066611814717,0.0,0.5133333333333333,COc1cccc(-c2cn(-c3ccc(CCOP(=O)(O)CP(=O)(O)O)cc3)c3ncnc(N)c23)c1,518.4030000000002,3.5580000000000025,4.0,8.0,1.0,SRC_P_EGFR,EGFR
COc1cc(-c2nn(C3CCN(C4CCN(C(C)=O)CC4)CC3)c3ncnc(N)c23)ccc1NC(=O)c1cc2ccccc2n1C,SRC P EGFR,CHEMBL370773,0.9230883717536926,0.4719961285591125,17150.0,0.1956963177475587,0.0,0.03,COc1cc(-c2nn(C3CCN(C4CCN(C(C)=O)CC4)CC3)c3ncnc(N)c23)ccc1NC(=O)c1cc2ccccc2n1C,621.7460000000002,4.475900000000002,2.0,10.0,1.0,SRC_P_EGFR,EGFR
COc1cc(-c2nn([C@H]3CC[C@H](N4CCN(C(C)=O)CC4)CC3)c3ncnc(N)c23)ccc1NC(=O)c1cc2ccccc2n1C,SRC P EGFR,CHEMBL197603,0.9018048048019408,0.4517388939857483,9050.0,0.1526219302566481,0.0,0.0,COc1cc(-c2nn([C@H]3CC[C@H](N4CCN(C(C)=O)CC4)CC3)c3ncnc(N)c23)ccc1NC(=O)c1cc2ccccc2n1C,621.7460000000002,4.475900000000002,2.0,10.0,1.0,SRC_P_EGFR,EGFR
COCC(=O)N1CCC[C@@H](c2nc(-c3ccc(C(=O)Nc4cc(C(F)(F)F)ccn4)cc3F)c3c(N)nccn23)C1,SRC P EGFR,CHEMBL4076024,0.9243625998497008,0.915675401687622,55.0,0.0548217312182714,0.0,0.01,COCC(=O)N1CCC[C@@H](c2nc(-c3ccc(C(=O)Nc4cc(C(F)(F)F)ccn4)cc3F)c3c(N)nccn23)C1,571.535,4.1361000000000026,2.0,8.0,1.0,SRC_P_EGFR,EGFR
COCCOc1cc2ncc(C#N)c(Nc3ccc(Cl)cc3Cl)c2cc1OC,SRC P EGFR,CHEMBL127633,0.9149711728096008,0.064574234187603,4.7,0.5070488335743176,0.0,0.03,COCCOc1cc2ncc(C#N)c(Nc3ccc(Cl)cc3Cl)c2cc1OC,418.28000000000014,5.190680000000003,1.0,6.0,1.0,SRC_P_EGFR,EGFR
Fc1cc(-c2nc3ccccc3s2)ccc1Nc1ncnc2cc(Cl)ccc12,SRC P EGFR,CHEMBL473557,0.9597578048706056,0.0845985040068626,700.0,0.641784728227207,0.0,0.27,Fc1cc(-c2nc3ccccc3s2)ccc1Nc1ncnc2cc(Cl)ccc12,406.8730000000001,6.442600000000002,1.0,5.0,1.0,SRC_P_EGFR,EGFR
CN(CCOP(=O)(O)CP(=O)(O)O)CCc1ccc(-n2cc(-c3cccc(O)c3)c3c(N)ncnc32)cc1,SRC P EGFR,CHEMBL318996,0.9128599166870116,0.4141584932804107,4.0,0.0358223362437917,0.0,0.11,CN(CCOP(=O)(O)CP(=O)(O)O)CCc1ccc(-n2cc(-c3cccc(O)c3)c3c(N)ncnc32)cc1,561.4720000000002,3.1868000000000007,5.0,9.0,1.0,SRC_P_EGFR,EGFR
COc1ccc(Cl)cc1-n1c(=O)c2cnc(Nc3ccc(N4CCN(C)CC4)cc3)nc2n2c3ccccc3nc12,SRC P EGFR,CHEMBL406684,0.9853469133377076,0.0771709755063057,1400.0,0.4777264490869944,0.0,0.11,COc1ccc(Cl)cc1-n1c(=O)c2cnc(Nc3ccc(N4CCN(C)CC4)cc3)nc2n2c3ccccc3nc12,567.0530000000002,4.739000000000003,1.0,10.0,1.0,SRC_P_EGFR,EGFR
CN(C)CCCn1c(=O)c(-c2c(Cl)cccc2Cl)cc2cnc(Nc3ccc(P(=O)(O)CP(=O)(O)O)cc3)nc21,SRC P EGFR,CHEMBL421024,0.9219098687171936,0.1386013478040695,0.3,0.0438690738510503,0.0,0.04,CN(C)CCCn1c(=O)c(-c2c(Cl)cccc2Cl)cc2cnc(Nc3ccc(P(=O)(O)CP(=O)(O)O)cc3)nc21,626.3740000000003,4.491500000000007,4.0,8.0,1.0,SRC_P_EGFR,EGFR
COc1cccc(-c2cn(-c3cccc(C(=O)NCCCP(=O)(O)CP(=O)(O)O)c3)c3ncnc(N)c23)c1,SRC P EGFR,CHEMBL321116,0.9040116667747498,0.4649743437767029,360.0,0.1013196159321743,0.0,0.175,COc1cccc(-c2cn(-c3cccc(C(=O)NCCCP(=O)(O)CP(=O)(O)O)c3)c3ncnc(N)c23)c1,559.456,3.203800000000001,5.0,8.0,1.0,SRC_P_EGFR,EGFR
Cc1cccc(C)c1-c1cc(C)c2nc(Nc3cccc(C(=O)NCCCN(C)C)c3)nnc2c1,SRC P EGFR,CHEMBL3648066,0.9143944978713988,0.1912498325109481,13.1,0.0887833586214547,0.0,0.07,Cc1cccc(C)c1-c1cc(C)c2nc(Nc3cccc(C(=O)NCCCN(C)C)c3)nnc2c1,468.6050000000003,5.042160000000004,2.0,6.0,1.0,SRC_P_EGFR,EGFR
Cc1cccc(C)c1-n1c(=O)c2cnc(Nc3ccc(N4CCN(C)CC4)cc3)nc2n2c3ccccc3nc12,SRC P EGFR,CHEMBL410295,0.92993825674057,0.0369202680885791,120.0,0.7089386565628091,0.0,0.0,Cc1cccc(C)c1-n1c(=O)c2cnc(Nc3ccc(N4CCN(C)CC4)cc3)nc2n2c3ccccc3nc12,530.6360000000003,4.693840000000004,1.0,9.0,1.0,SRC_P_EGFR,EGFR
Nc1nccn2c([C@@H]3CC[C@H]4COC(=O)N4C3)nc(-c3ccc(C(=O)Nc4cc(C(F)(F)F)ccn4)cc3)c12,SRC P EGFR,CHEMBL4749037,0.9373159408569336,0.6236611008644104,92.0,0.0575445667128335,0.0,0.4266666666666666,Nc1nccn2c([C@@H]3CC[C@H]4COC(=O)N4C3)nc(-c3ccc(C(=O)Nc4cc(C(F)(F)F)ccn4)cc3)c12,537.5020000000002,4.342800000000003,2.0,8.0,1.0,SRC_P_EGFR,EGFR
Cl.c1ccc(-c2cccc(Nc3ncnc4cc5c(cc34)OCCO5)c2)cc1,SRC P EGFR,CHEMBL2419761,0.9370614290237428,0.0535760670900344,642.0,0.6720158313830581,0.0,0.635,Cl.c1ccc(-c2cccc(Nc3ncnc4cc5c(cc34)OCCO5)c2)cc1,391.8580000000002,5.233400000000002,1.0,5.0,1.0,SRC_P_EGFR,EGFR
C[C@H](NC(=O)[C@H](Cc1ccc(OP(=O)(O)O)cc1)NC(=O)Cc1c[nH]c2ccccc12)c1nc(Cc2ccc(C(F)(F)F)cc2)no1,SRC P EGFR,CHEMBL131229,0.952153503894806,0.7448861598968506,62000.0,0.0035801438823599,0.0,0.15,C[C@H](NC(=O)[C@H](Cc1ccc(OP(=O)(O)O)cc1)NC(=O)Cc1c[nH]c2ccccc12)c1nc(Cc2ccc(C(F)(F)F)cc2)no1,671.5690000000003,4.779400000000004,5.0,7.0,1.0,SRC_P_EGFR,EGFR
Cc1ccc(-n2c(=O)c3cnc(Nc4ccc(N5CCN(C)CC5)cc4)nc3n3c4ccccc4nc23)cc1,SRC P EGFR,CHEMBL270085,0.9377951622009276,0.0232063978910446,1700.0,0.5914010156138255,0.0,0.08,Cc1ccc(-n2c(=O)c3cnc(Nc4ccc(N5CCN(C)CC5)cc4)nc3n3c4ccccc4nc23)cc1,516.6090000000004,4.385420000000004,1.0,9.0,1.0,SRC_P_EGFR,EGFR
COc1cc(Nc2ncc3c(=O)n(-c4c(C)cccc4C)c4nc5ccccc5n4c3n2)ccc1N1CCN(C)CC1,SRC P EGFR,CHEMBL403522,0.950240969657898,0.1391012221574783,100.0,0.6415984956386351,0.0,0.59,COc1cc(Nc2ncc3c(=O)n(-c4c(C)cccc4C)c4nc5ccccc5n4c3n2)ccc1N1CCN(C)CC1,560.6620000000001,4.702440000000004,1.0,10.0,1.0,SRC_P_EGFR,EGFR
COc1cccc(-c2cn(-c3ccc(CCN(C)CCOP(=O)(O)CP(=O)(O)O)cc3)c3ncnc(N)c23)c1,SRC P EGFR,CHEMBL421025,0.9277135133743286,0.3249464333057403,310.0,0.0311634390744343,0.0,0.14,COc1cccc(-c2cn(-c3ccc(CCN(C)CCOP(=O)(O)CP(=O)(O)O)cc3)c3ncnc(N)c23)c1,575.4989999999999,3.4898000000000016,4.0,9.0,1.0,SRC_P_EGFR,EGFR
Cc1cc(-c2cc(O)ccc2Cl)cc2nnc(Nc3cccc(SCCN4CCCC4)c3)nc12,SRC P EGFR,CHEMBL3651276,0.9736154079437256,0.3648591637611389,3.4,0.1997139006841318,0.0,0.0233333333333333,Cc1cc(-c2cc(O)ccc2Cl)cc2nnc(Nc3cccc(SCCN4CCCC4)c3)nc12,492.04800000000034,6.290720000000004,2.0,7.0,1.0,SRC_P_EGFR,EGFR
Oc1cccc(Nc2nc(/C=C/c3cc4c(cc3Br)OCO4)nc3ccccc23)c1,SRC P EGFR,CHEMBL4436086,0.9362901449203492,0.089449904859066,897.0,0.9219860519031632,0.0,0.06,Oc1cccc(Nc2nc(/C=C/c3cc4c(cc3Br)OCO4)nc3ccccc23)c1,462.30300000000017,5.740600000000002,2.0,6.0,1.0,SRC_P_EGFR,EGFR
CCN(CC)CCCCNc1cc2nc(O)c(-c3c(Cl)cccc3Cl)cc2cn1,SRC P EGFR,CHEMBL104322,0.9010741114616394,0.6070570349693298,42.0,0.0537092320388525,0.0,0.37,CCN(CC)CCCCNc1cc2nc(O)c(-c3c(Cl)cccc3Cl)cc2cn1,433.38300000000015,5.843100000000005,2.0,5.0,1.0,SRC_P_EGFR,EGFR
Clc1cccc(CNc2[nH]nc3ncnc(Nc4cccc(Cl)c4)c23)c1,SRC P EGFR,CHEMBL333231,0.9685366749763488,0.1666692346334457,2090.0,0.7894162077070778,0.0,0.02,Clc1cccc(CNc2[nH]nc3ncnc(Nc4cccc(Cl)c4)c23)c1,385.2580000000001,5.015400000000001,3.0,5.0,1.0,SRC_P_EGFR,EGFR
Cn1c(=O)c(-c2c(Cl)cccc2Cl)cc2cnc(Nc3cccc(P(=O)(O)CP(=O)(O)O)c3)nc21,SRC P EGFR,CHEMBL106442,0.905343532562256,0.1636011004447937,77.0,0.1382642571847449,0.0,0.0,Cn1c(=O)c(-c2c(Cl)cccc2Cl)cc2cnc(Nc3cccc(P(=O)(O)CP(=O)(O)O)c3)nc21,555.2510000000001,4.076800000000004,4.0,7.0,1.0,SRC_P_EGFR,EGFR
C[C@H](/C=C\C(F)(F)F)Oc1cc(-c2cc(-c3cc(CN(C)C)cs3)cnc2N)ccc1C(N)=O,SRC P EGFR,CHEMBL2042135,0.906944215297699,0.6433877348899841,840.0,0.0132351316852195,0.0,0.13,C[C@H](/C=C\C(F)(F)F)Oc1cc(-c2cc(-c3cc(CN(C)C)cs3)cnc2N)ccc1C(N)=O,490.5510000000003,5.105600000000005,2.0,6.0,1.0,SRC_P_EGFR,EGFR
C=CC(=O)N1CCC[C@H]1C(=O)Nc1cc2c(Nc3cccc(Cl)c3F)ncnc2cc1OCCOC,SRC P EGFR,CHEMBL571040,0.997779130935669,0.5273298621177673,800.0,0.9441740574057406,0.0,0.01,C=CC(=O)N1CCC[C@H]1C(=O)Nc1cc2c(Nc3cccc(Cl)c3F)ncnc2cc1OCCOC,513.9570000000002,4.306600000000002,2.0,7.0,1.0,SRC_P_EGFR,EGFR
COc1cc2ncnc3c2cc1OCCCCCN(C)Cc1ccc(Br)cc1N3,SRC P EGFR,CHEMBL3109738,0.9879066348075868,0.1823624074459076,11.0,0.1558488681468408,0.0,0.05,COc1cc2ncnc3c2cc1OCCCCCN(C)Cc1ccc(Br)cc1N3,457.37200000000007,5.139000000000005,1.0,6.0,1.0,SRC_P_EGFR,EGFR
C=CC(=O)N1CCC(n2nc(C#Cc3cc(C(=O)Nc4ccc(CN5CCN(C)CC5)c(C(F)(F)F)c4)ccc3C)c3c(N)ncnc32)CC1,SRC P EGFR,CHEMBL3426233,0.9921954870224,0.5521571040153503,15.0,0.0090812886635387,0.0,0.06,C=CC(=O)N1CCC(n2nc(C#Cc3cc(C(=O)Nc4ccc(CN5CCN(C)CC5)c(C(F)(F)F)c4)ccc3C)c3c(N)ncnc32)CC1,685.7549999999999,4.484720000000003,2.0,9.0,1.0,SRC_P_EGFR,EGFR
Cc1cccc(-n2c(=O)c3cnc(Nc4ccc(N5CCN(C)CC5)cc4)nc3n3c4ccccc4nc23)c1,SRC P EGFR,CHEMBL409447,0.9239903688430786,0.0516946129500865,1000.0,0.7426400001540621,0.0,0.515,Cc1cccc(-n2c(=O)c3cnc(Nc4ccc(N5CCN(C)CC5)cc4)nc3n3c4ccccc4nc23)c1,516.6090000000004,4.385420000000003,1.0,9.0,1.0,SRC_P_EGFR,EGFR
COCCOc1cc2ncc(C#N)c(Nc3ccc(Cl)cc3Cl)c2cc1OCCOC,SRC P EGFR,CHEMBL123733,0.9092477560043336,0.0700706988573074,12.0,0.5286147711104485,0.0,0.01,COCCOc1cc2ncc(C#N)c(Nc3ccc(Cl)cc3Cl)c2cc1OCCOC,462.33300000000025,5.207280000000004,1.0,7.0,1.0,SRC_P_EGFR,EGFR
CC1(C)CC(=O)c2c(nn(-c3ccc(O)cc3)c2-c2ccc(Cl)c(Cl)c2)C1,SRC P EGFR,CHEMBL1933734,0.9271479249000548,0.5037468075752258,66600.0,0.7592725958866717,0.0,0.2623333333333333,CC1(C)CC(=O)c2c(nn(-c3ccc(O)cc3)c2-c2ccc(Cl)c(Cl)c2)C1,401.2930000000001,5.706800000000004,1.0,4.0,1.0,SRC_P_EGFR,EGFR
Cc1cccc(C)c1-n1c(=O)c2cnc(Nc3ccc(OCCN4CCN(C)CC4)c(F)c3)nc2n2c3ccccc3nc12,SRC P EGFR,CHEMBL407516,0.9279571771621704,0.3504821360111236,160.0,0.3844284918516642,0.0,0.13,Cc1cccc(C)c1-n1c(=O)c2cnc(Nc3ccc(OCCN4CCN(C)CC4)c(F)c3)nc2n2c3ccccc3nc12,592.6790000000003,4.707340000000005,1.0,10.0,1.0,SRC_P_EGFR,EGFR
CN1CCN(Cc2ccc(NC(=O)c3ccc(Cl)c(C#Cc4cncc(N5CCOCC5)c4)c3)cc2C(F)(F)F)CC1,SRC P EGFR,CHEMBL4091628,0.909446120262146,0.6683734655380249,10.8,0.0039945073834337,0.0,0.27,CN1CCN(Cc2ccc(NC(=O)c3ccc(Cl)c(C#Cc4cncc(N5CCOCC5)c4)c3)cc2C(F)(F)F)CC1,598.0690000000003,4.989900000000005,1.0,6.0,1.0,SRC_P_EGFR,EGFR
Cn1c(=O)c(-c2c(Cl)cccc2Cl)cc2cnc(Nc3cccc(COCC(O)CO)c3)nc21,SRC P EGFR,CHEMBL566834,0.9205032587051392,0.6606800556182861,66.0,0.3264423042109644,0.0,0.15,Cn1c(=O)c(-c2c(Cl)cccc2Cl)cc2cnc(Nc3cccc(COCC(O)CO)c3)nc21,501.3700000000003,3.915700000000003,3.0,8.0,1.0,SRC_P_EGFR,EGFR
C[C@H](NC(=O)[C@H](Cc1ccc(OP(=O)(O)O)cc1)NC(=O)Cc1cccs1)c1nc(Cc2ccc(C(F)(F)F)cc2)no1,SRC P EGFR,CHEMBL133644,0.932669758796692,0.5517327785491943,143000.0,0.0013065607082922,0.0,0.0,C[C@H](NC(=O)[C@H](Cc1ccc(OP(=O)(O)O)cc1)NC(=O)Cc1cccs1)c1nc(Cc2ccc(C(F)(F)F)cc2)no1,638.5610000000003,4.359600000000004,4.0,8.0,1.0,SRC_P_EGFR,EGFR
Cc1cc(-c2cc(O)ccc2Cl)cc2nnc(Nc3cccc(OCCN4CCCC4)c3)nc12,SRC P EGFR,CHEMBL3651250,0.9302220940589904,0.331266313791275,1.8,0.1662798487381989,0.0,0.27,Cc1cc(-c2cc(O)ccc2Cl)cc2nnc(Nc3cccc(OCCN4CCCC4)c3)nc12,475.9800000000004,5.5774200000000045,2.0,7.0,1.0,SRC_P_EGFR,EGFR
Nc1nccn2c([C@@H]3CC[C@H]4CCC(=O)N4C3)nc(-c3ccc(C(=O)Nc4cc(C(F)(F)F)ccn4)cc3)c12,SRC P EGFR,CHEMBL4106978,0.9245096445083618,0.6719301342964172,33.0,0.0505706422823942,0.0,0.35,Nc1nccn2c([C@@H]3CC[C@H]4CCC(=O)N4C3)nc(-c3ccc(C(=O)Nc4cc(C(F)(F)F)ccn4)cc3)c12,535.5300000000001,4.513000000000004,2.0,7.0,1.0,SRC_P_EGFR,EGFR
CC1(C(=O)N2CCC[C@@H](c3nc(-c4ccc(C(=O)Nc5cc(C(F)(F)F)ccn5)cc4F)c4c(N)nccn34)C2)COC1,SRC P EGFR,CHEMBL4799627,0.9555903077125548,0.9300940632820128,116.0,0.0168043500801517,0.0,0.17,CC1(C(=O)N2CCC[C@@H](c3nc(-c4ccc(C(=O)Nc5cc(C(F)(F)F)ccn5)cc4F)c4c(N)nccn34)C2)COC1,597.573,4.526200000000002,2.0,8.0,1.0,SRC_P_EGFR,EGFR
COc1cccc(Nc2nnc3cc(-c4c(Cl)cccc4Cl)cc(C)c3n2)c1,SRC P EGFR,CHEMBL3648028,0.9598100185394288,0.1003126427531242,189.0,0.6223262076596018,0.0,0.02,COc1cccc(Nc2nnc3cc(-c4c(Cl)cccc4Cl)cc(C)c3n2)c1,411.29200000000014,6.059220000000003,1.0,5.0,1.0,SRC_P_EGFR,EGFR
CN1CCN(c2ccc(Nc3ncc4nc(Nc5ccccc5)n(C5CCCC5)c4n3)cc2)CC1,SRC P EGFR,CHEMBL2178352,0.9856531023979188,0.0074879345484077,290.0,0.6099452998886036,0.0,0.1333333333333333,CN1CCN(c2ccc(Nc3ncc4nc(Nc5ccccc5)n(C5CCCC5)c4n3)cc2)CC1,468.6090000000003,5.180400000000004,2.0,8.0,1.0,SRC_P_EGFR,EGFR
COc1cnc(Cl)c(Nc2ncnc3cc(OCCCN4CCOCC4)cc(OC4CCOCC4)c23)c1,SRC P EGFR,CHEMBL369899,0.9163109064102172,0.14511239528656,7.0,0.3141143916041561,0.0,0.06,COc1cnc(Cl)c(Nc2ncnc3cc(OCCCN4CCOCC4)cc(OC4CCOCC4)c23)c1,530.0250000000005,4.089300000000003,1.0,10.0,1.0,SRC_P_EGFR,EGFR
COc1cc(Nc2c(C#N)cnc3cc(OC4CCN(C)CC4)c(OC)cc23)c(Cl)cc1Cl,SRC P EGFR,CHEMBL291297,0.9195498824119568,0.1066982746124267,230.0,0.6276700769341388,0.0,0.08,COc1cc(Nc2c(C#N)cnc3cc(OC4CCN(C)CC4)c(OC)cc23)c(Cl)cc1Cl,487.3870000000003,5.647080000000004,1.0,7.0,1.0,SRC_P_EGFR,EGFR
COc1cccc(-n2c(=O)c3cnc(Nc4ccc(N5CCN(C)CC5)cc4)nc3n3c4ccccc4nc23)c1,SRC P EGFR,CHEMBL260963,0.9656175971031188,0.0511021576821804,1900.0,0.7122676687629252,0.0,0.4466666666666667,COc1cccc(-n2c(=O)c3cnc(Nc4ccc(N5CCN(C)CC5)cc4)nc3n3c4ccccc4nc23)c1,532.6080000000003,4.085600000000003,1.0,10.0,1.0,SRC_P_EGFR,EGFR
CC(=O)OC(C)(C)/C=C/C(=O)[C@](C)(O)[C@H]1[C@H](O)C[C@@]2(C)[C@@H]3CC=C4[C@H](C[C@H](O)C(=O)C4(C)C)[C@]3(C)C(=O)C[C@]12C,STAT3 P EGFR,CHEMBL507237,0.9442200660705566,0.7552157640457153,0.325,3000.0,0.0,0.41,CC(=O)OC(C)(C)/C=C/C(=O)[C@](C)(O)[C@H]1[C@H](O)C[C@@]2(C)[C@@H]3CC=C4[C@H](C[C@H](O)C(=O)C4(C)C)[C@]3(C)C(=O)C[C@]12C,558.7120000000002,3.4993000000000016,3.0,8.0,1.0,STAT3_P_EGFR,EGFR
CN1CCN(Cc2ccc(-c3cnc4[nH]cc(-c5ccc6[nH]ccc6c5)c4c3)cc2)CC1,SRC MAPK1 P EGFR,CHEMBL2436978,0.91496080160141,6290.0,4330.0,0.1539116156446295,0.0,0.41,CN1CCN(Cc2ccc(-c3cnc4[nH]cc(-c5ccc6[nH]ccc6c5)c4c3)cc2)CC1,421.5480000000002,5.125600000000004,2.0,3.0,1.0,SRC_MAPK1_P_EGFR,EGFR
Cc1n[nH]c2ccc(-c3cc(N[C@@H](CO)c4ccccc4)cnc3-c3cc(F)ccc3O)cc12,SRC MAPK1 P EGFR,CHEMBL4062877,0.9314149618148804,574.7,5.7,0.3766148915021579,0.0,0.1333333333333333,Cc1n[nH]c2ccc(-c3cc(N[C@@H](CO)c4ccccc4)cnc3-c3cc(F)ccc3O)cc12,454.50500000000017,5.590520000000005,4.0,5.0,1.0,SRC_MAPK1_P_EGFR,EGFR
