,Smiles,Targets,Molecule ChEMBL ID,EGFR,MAPK1,SRC,STAT3,0,BBB,SMILES,peso_molecular,logP,donadores_H,aceptores_H,violaciones
3,CO[C@H]1[C@@H](N(C)C(=O)CN)C[C@@H]2O[C@@]1(C)n1c3ccccc3c3c4c(c5c6ccccc6n2c5c31)C(=O)NC4,EGFR P MAPK1 SRC,CHEMBL338935,220.0,0.9009318947792052,0.96,0.008057394318976,0.0,0.7433333333333333,CO[C@H]1[C@@H](N(C)C(=O)CN)C[C@@H]2O[C@@]1(C)n1c3ccccc3c3c4c(c5c6ccccc6n2c5c31)C(=O)NC4,523.5930000000002,3.551700000000003,2.0,7.0,1.0
5,C=CC(=O)N1CCCCCCCCCn2cc(c3ccccc32)-c2ccnc(n2)Nc2cccc1c2,EGFR P MAPK1,CHEMBL5272747,13.2,0.9125145673751832,0.46,0.2602336578575935,0.0,0.305,C=CC(=O)N1CCCCCCCCCn2cc(c3ccccc32)-c2ccnc(n2)Nc2cccc1c2,479.6280000000001,7.105200000000007,1.0,5.0,1.0
8,C=CC(=O)N1CCCCCCn2cc(c3ccccc32)-c2ccnc(n2)Nc2cccc1c2,EGFR P MAPK1,CHEMBL5287438,0.34,0.9125145673751832,0.46,0.2602336578575935,0.0,0.04,C=CC(=O)N1CCCCCCn2cc(c3ccccc32)-c2ccnc(n2)Nc2cccc1c2,437.54700000000014,5.934900000000005,1.0,5.0,1.0
9,C=CC(=O)N1CCCCCCCn2cc(c3ccccc32)-c2ccnc(n2)Nc2cccc1c2,EGFR P MAPK1,CHEMBL5274514,0.55,0.9125145673751832,0.46,0.2602336578575935,0.0,0.06,C=CC(=O)N1CCCCCCCn2cc(c3ccccc32)-c2ccnc(n2)Nc2cccc1c2,451.5740000000001,6.3250000000000055,1.0,5.0,1.0
10,Cc1ccc(NC(=O)c2ccc(CN3CCN(C)CC3)cc2)cc1C(=O)Nc1nccc(-c2cccc(F)c2)n1,EGFR P MAPK1,CHEMBL2385993,6000.0,0.9605312347412108,0.5695,0.0052294975263015,0.0,0.06,Cc1ccc(NC(=O)c2ccc(CN3CCN(C)CC3)cc2)cc1C(=O)Nc1nccc(-c2cccc(F)c2)n1,538.6270000000002,4.843120000000004,2.0,6.0,1.0
11,Cc1ccc(C2=N/C(=C\c3ccc(Cl)cc3)C(=O)NN2C(=O)c2nc3c(c(C)nn3-c3ccccc3)c(=O)[nH]2)cc1,EGFR P MAPK1,CHEMBL4780210,1887.2,0.935840904712677,0.3353333333333333,0.0438092187648848,0.0,0.68,Cc1ccc(C2=N/C(=C\c3ccc(Cl)cc3)C(=O)NN2C(=O)c2nc3c(c(C)nn3-c3ccccc3)c(=O)[nH]2)cc1,564.0050000000002,4.353940000000003,2.0,7.0,1.0
20,C=CC(=O)NCCOc1cc(Cc2ccccc2)cc2[nH]c(-c3n[nH]c4cc(C(F)F)ccc34)cc12,EGFR P MAPK1,CHEMBL4646281,2360.0,0.9632142186164856,0.4475806451612903,0.6899796288230322,0.0,0.04,C=CC(=O)NCCOc1cc(Cc2ccccc2)cc2[nH]c(-c3n[nH]c4cc(C(F)F)ccc34)cc12,486.52200000000016,5.920600000000004,3.0,3.0,1.0
24,CONC(=O)c1cc(Nc2ncnn3cc(NC(=O)OCC4CCCO4)c(C(C)C)c23)c(F)cc1F,EGFR P MAPK1,CHEMBL370266,5500.0,0.913336992263794,0.54,0.1351698621390957,0.0,0.5,CONC(=O)c1cc(Nc2ncnn3cc(NC(=O)OCC4CCCO4)c(C(C)C)c23)c(F)cc1F,504.49400000000037,3.893200000000003,3.0,9.0,1.0
31,Cc1cc(C(=O)N2CCOCC2)[nH]c1/C=C1\C(=O)Nc2ncnc(Nc3ccc4c(cnn4Cc4ccccc4)c3)c21,EGFR P MAPK1,CHEMBL67003,1.8,0.9037476778030396,0.6875806451612902,0.1642472526951335,0.0,0.145,Cc1cc(C(=O)N2CCOCC2)[nH]c1/C=C1\C(=O)Nc2ncnc(Nc3ccc4c(cnn4Cc4ccccc4)c3)c21,560.6180000000002,4.219820000000002,3.0,8.0,1.0
33,O=C1CCN(C/C=C/C(=O)Nc2cc3c(Nc4ccc(F)c(Cl)c4)ncnc3cc2O[C@H]2CCOC2)CC1,EGFR P MAPK1,CHEMBL3622652,520.2,0.9202846884727478,0.21,0.2652872435868437,0.0,0.16,O=C1CCN(C/C=C/C(=O)Nc2cc3c(Nc4ccc(F)c(Cl)c4)ncnc3cc2O[C@H]2CCOC2)CC1,539.9950000000001,4.4932000000000025,2.0,8.0,1.0
35,C=CC(=O)N1CCCCCCCn2cc(c3ccccc32)-c2ccnc(n2)Nc2cc1ccc2F,EGFR P MAPK1,CHEMBL5286636,10.5,0.9198005199432372,0.45,0.2352784937225327,0.0,0.08,C=CC(=O)N1CCCCCCCn2cc(c3ccccc32)-c2ccnc(n2)Nc2cc1ccc2F,469.56400000000014,6.464100000000005,1.0,5.0,1.0
37,Cc1ccc(C2=N/C(=C/c3ccc(Cl)cc3)C(=O)NN2C(=O)Cc2nc3c(c(C)nn3-c3ccccc3)c(=O)[nH]2)cc1,EGFR P MAPK1,CHEMBL4759405,422.25,0.9292170405387878,0.3553333333333333,0.049631221940989,0.0,0.79,Cc1ccc(C2=N/C(=C/c3ccc(Cl)cc3)C(=O)NN2C(=O)Cc2nc3c(c(C)nn3-c3ccccc3)c(=O)[nH]2)cc1,578.0320000000003,4.282840000000003,2.0,7.0,1.0
38,COc1ccc(/C=C2/N=C(c3ccc(Cl)cc3)N(C(=O)Cc3nc4c(c(C)nn4-c4ccccc4)c(=O)[nH]3)NC2=O)cc1,EGFR P MAPK1,CHEMBL4753913,226.7,0.926794707775116,0.3653333333333333,0.0622856498153023,0.0,0.0733333333333333,COc1ccc(/C=C2/N=C(c3ccc(Cl)cc3)N(C(=O)Cc3nc4c(c(C)nn4-c4ccccc4)c(=O)[nH]3)NC2=O)cc1,594.0310000000003,3.9830200000000033,2.0,8.0,1.0
39,O=C(Nc1nccs1)C(c1ncn2c1CCC2)N1Cc2c(F)cc(C#Cc3ccc(CN4CCC(CO)CC4)cc3)cc2C1=O,EGFR P MAPK1,CHEMBL5180839,5.0,0.933905303478241,0.59,0.0105873277806186,0.0,0.03,O=C(Nc1nccs1)C(c1ncn2c1CCC2)N1Cc2c(F)cc(C#Cc3ccc(CN4CCC(CO)CC4)cc3)cc2C1=O,624.7420000000002,4.364800000000004,2.0,8.0,1.0
41,CCN(CC)CC(O)CNC(=O)c1cc(C)c(/C=C2\C(=O)Nc3ncnc(Nc4ccc(F)c(Cl)c4)c32)[nH]1,EGFR P MAPK1,CHEMBL304271,0.45,0.9110533595085144,0.5590909090909091,0.0124605892901303,0.0,0.3,CCN(CC)CC(O)CNC(=O)c1cc(C)c(/C=C2\C(=O)Nc3ncnc(Nc4ccc(F)c(Cl)c4)c32)[nH]1,542.0150000000001,3.57442,5.0,7.0,1.0
53,C=CC(=O)N1CCCCCCCCn2cc(c3ccccc32)-c2ccnc(n2)Nc2cccc1c2,EGFR P MAPK1,CHEMBL5286055,86.5,0.9125145673751832,0.46,0.2602336578575935,0.0,0.01,C=CC(=O)N1CCCCCCCCn2cc(c3ccccc32)-c2ccnc(n2)Nc2cccc1c2,465.6010000000001,6.715100000000006,1.0,5.0,1.0
54,Cc1cc2cc(n1)-c1cnn(C)c1OCCC[C@@H](C)CN1/C(=N/C2=O)Nc2ccc(CN3CCN(C)CC3)cc21,EGFR P MAPK1,CHEMBL4537790,0.02,0.984567165374756,0.6471368861024033,0.0195897009148827,0.0,0.1033333333333333,Cc1cc2cc(n1)-c1cnn(C)c1OCCC[C@@H](C)CN1/C(=N/C2=O)Nc2ccc(CN3CCN(C)CC3)cc21,542.6880000000002,3.7749200000000025,1.0,9.0,1.0
59,CO[C@H]1[C@@H](N(C)C(=O)CN)C[C@@H]2O[C@@]1(C)n1c3ccccc3c3c4c(c5c6ccccc6n2c5c31)C(=O)NC4,EGFR P MAPK1,CHEMBL338935,220.0,0.9009318947792052,0.96,0.008057394318976,0.0,0.7433333333333333,CO[C@H]1[C@@H](N(C)C(=O)CN)C[C@@H]2O[C@@]1(C)n1c3ccccc3c3c4c(c5c6ccccc6n2c5c31)C(=O)NC4,523.5930000000002,3.551700000000003,2.0,7.0,1.0
64,COc1ccccc1Nc1ncc2cc(-c3c(Cl)cccc3Cl)c(=O)n(C)c2n1,EGFR P SRC,CHEMBL320705,66.0,0.1418655514717102,0.92,0.5489544058242377,0.0,0.32,COc1ccccc1Nc1ncc2cc(-c3c(Cl)cccc3Cl)c(=O)n(C)c2n1,427.2910000000001,5.054500000000003,1.0,6.0,1.0
68,COc1cc(Nc2ncc3cc(-c4c(Cl)cccc4Cl)c(=O)n(C)c3n2)cc(OC)c1,EGFR P SRC,CHEMBL324926,330.0,0.0804212763905525,0.98,0.5087789686744189,0.0,0.22,COc1cc(Nc2ncc3cc(-c4c(Cl)cccc4Cl)c(=O)n(C)c3n2)cc(OC)c1,457.3170000000002,5.063100000000004,1.0,7.0,1.0
77,CO[C@H]1[C@@H](N(C)CC(=O)O)C[C@@H]2O[C@@]1(C)n1c3ccccc3c3c4c(c5c6ccccc6n2c5c31)C(=O)NC4,EGFR P SRC,CHEMBL132348,31.0,0.8559564352035522,0.97,0.0196017752810008,0.0,0.0,CO[C@H]1[C@@H](N(C)CC(=O)O)C[C@@H]2O[C@@]1(C)n1c3ccccc3c3c4c(c5c6ccccc6n2c5c31)C(=O)NC4,524.5770000000002,4.1510000000000025,2.0,7.0,1.0
81,COc1cc2c(Nc3ccc(Br)cc3F)ncnc2cc1OCCCN1CCN(C)CC1.Cl,EGFR P SRC,CHEMBL1202477,100.0,0.0379024669528007,0.91,0.2246393899439736,0.0,0.235,COc1cc2c(Nc3ccc(Br)cc3F)ncnc2cc1OCCCN1CCN(C)CC1.Cl,540.8650000000005,4.721700000000006,1.0,7.0,1.0
84,CN1CCN(c2ccc(Nc3ncc4nc(Nc5ccccc5)n([C@@H]5CCN(S(=O)(=O)C6CC6)C5)c4n3)cc2)CC1,EGFR P SRC,CHEMBL4786787,40.0,0.0151124633848667,0.92,0.5741865470528842,0.0,0.26,CN1CCN(c2ccc(Nc3ncc4nc(Nc5ccccc5)n([C@@H]5CCN(S(=O)(=O)C6CC6)C5)c4n3)cc2)CC1,573.7270000000002,3.804300000000003,2.0,10.0,1.0
87,COc1cccc(Nc2ncc3cc(-c4c(Cl)cccc4Cl)c(=O)n(C)c3n2)c1,EGFR P SRC,CHEMBL111197,30.0,0.158591479063034,0.97,0.4962407992836888,0.0,0.3425,COc1cccc(Nc2ncc3cc(-c4c(Cl)cccc4Cl)c(=O)n(C)c3n2)c1,427.2910000000001,5.054500000000003,1.0,6.0,1.0
89,Cn1c(=O)c(-c2c(Cl)cccc2Cl)cc2cnc(Nc3cccc(Br)c3)nc21,EGFR P SRC,CHEMBL111434,670.0,0.0961012169718742,0.95,0.462025470804443,0.0,0.2966666666666666,Cn1c(=O)c(-c2c(Cl)cccc2Cl)cc2cnc(Nc3cccc(Br)c3)nc21,476.1610000000001,5.8084000000000024,1.0,5.0,1.0
93,CN1CCN(c2ccc(Nc3ncc4cc(CNc5ccccc5)n(C5CCCC5)c4n3)cc2)CC1,EGFR P SRC,CHEMBL5188948,17.0,0.0164967123419046,0.91,0.5262668300803847,0.0,0.03,CN1CCN(c2ccc(Nc3ncc4cc(CNc5ccccc5)n(C5CCCC5)c4n3)cc2)CC1,481.6480000000003,5.6539000000000055,2.0,7.0,1.0
95,CO[C@H]1[C@@H](N(C)C(C)=O)C[C@@H]2O[C@@]1(C)n1c3ccccc3c3c4c(c5c6ccccc6n2c5c31)C(=O)NC4,EGFR P SRC,CHEMBL130163,2600.0,0.8480667471885681,0.98,0.0178970348672134,0.0,0.145,CO[C@H]1[C@@H](N(C)C(C)=O)C[C@@H]2O[C@@]1(C)n1c3ccccc3c3c4c(c5c6ccccc6n2c5c31)C(=O)NC4,508.5780000000003,4.612900000000003,1.0,6.0,1.0
96,COC(=O)N(C)[C@H]1C[C@@H]2O[C@](C)([C@H]1OC)n1c3ccccc3c3c4c(c5c6ccccc6n2c5c31)C(=O)NC4,EGFR P SRC,CHEMBL130049,2400.0,0.792951226234436,0.98,0.0215340862410256,0.0,0.2466666666666666,COC(=O)N(C)[C@H]1C[C@@H]2O[C@](C)([C@H]1OC)n1c3ccccc3c3c4c(c5c6ccccc6n2c5c31)C(=O)NC4,524.5770000000002,4.832800000000003,1.0,7.0,1.0
97,CN1CCN(c2ccc(Nc3ncc4nc(Nc5ccccc5)n([C@H]5CCN(S(=O)(=O)C6CC6)C5)c4n3)cc2)CC1,EGFR P SRC,CHEMBL4795878,40.0,0.0151124633848667,0.92,0.5741865470528842,0.0,0.3783333333333333,CN1CCN(c2ccc(Nc3ncc4nc(Nc5ccccc5)n([C@H]5CCN(S(=O)(=O)C6CC6)C5)c4n3)cc2)CC1,573.7270000000002,3.804300000000003,2.0,10.0,1.0
101,CNC(=S)N(C)[C@H]1C[C@@H]2O[C@](C)([C@H]1OC)n1c3ccccc3c3c4c(c5c6ccccc6n2c5c31)C(=O)NC4,EGFR P SRC,CHEMBL337035,12500.0,0.8262639045715332,0.96,0.0267784639036826,0.0,0.4033333333333332,CNC(=S)N(C)[C@H]1C[C@@H]2O[C@](C)([C@H]1OC)n1c3ccccc3c3c4c(c5c6ccccc6n2c5c31)C(=O)NC4,539.6610000000003,4.570700000000003,2.0,6.0,1.0
108,CO[C@H]1[C@@H](N(C)S(C)(=O)=O)C[C@@H]2O[C@@]1(C)n1c3ccccc3c3c4c(c5c6ccccc6n2c5c31)C(=O)NC4,EGFR P SRC,CHEMBL131020,1100.0,0.801344633102417,0.93,0.0070084390205686,0.0,0.15,CO[C@H]1[C@@H](N(C)S(C)(=O)=O)C[C@@H]2O[C@@]1(C)n1c3ccccc3c3c4c(c5c6ccccc6n2c5c31)C(=O)NC4,544.6330000000002,4.0260000000000025,1.0,7.0,1.0
111,COc1ccc(Nc2ncc3cc(-c4c(Cl)cccc4Cl)c(=O)n(C)c3n2)cc1C,EGFR P SRC,CHEMBL113023,250.0,0.1202164739370346,0.93,0.4901264397069498,0.0,0.195,COc1ccc(Nc2ncc3cc(-c4c(Cl)cccc4Cl)c(=O)n(C)c3n2)cc1C,441.31800000000015,5.3629200000000035,1.0,6.0,1.0
118,CO[C@H]1[C@@H](N(C)C(=O)CN)C[C@@H]2O[C@@]1(C)n1c3ccccc3c3c4c(c5c6ccccc6n2c5c31)C(=O)NC4,EGFR P SRC,CHEMBL338935,220.0,0.9009318947792052,0.96,0.008057394318976,0.0,0.7433333333333333,CO[C@H]1[C@@H](N(C)C(=O)CN)C[C@@H]2O[C@@]1(C)n1c3ccccc3c3c4c(c5c6ccccc6n2c5c31)C(=O)NC4,523.5930000000002,3.551700000000003,2.0,7.0,1.0
121,COC(=O)CN(C)[C@H]1C[C@@H]2O[C@](C)([C@H]1OC)n1c3ccccc3c3c4c(c5c6ccccc6n2c5c31)C(=O)NC4,EGFR P SRC,CHEMBL444337,1300.0,0.7862076163291931,0.93,0.0143465483390085,0.0,0.09,COC(=O)CN(C)[C@H]1C[C@@H]2O[C@](C)([C@H]1OC)n1c3ccccc3c3c4c(c5c6ccccc6n2c5c31)C(=O)NC4,538.6040000000003,4.239400000000003,1.0,8.0,1.0
125,Clc1cc(Nc2ncnc3nn4ccccc4c23)ccc1OCc1ccccc1,EGFR P STAT3,CHEMBL181742,50.12,0.0268491003662347,0.603406976744186,0.931369753478952,0.0,0.59,Clc1cc(Nc2ncnc3nn4ccccc4c23)ccc1OCc1ccccc1,401.8570000000002,5.2535000000000025,1.0,6.0,1.0
127,Clc1ccc(C2=NN(c3ccccc3)C(c3ccc4ccccc4c3)C2)cc1,EGFR P STAT3,CHEMBL2325097,110.0,0.1504478007555008,0.2402,0.9188524864262914,0.0,0.43,Clc1ccc(C2=NN(c3ccccc3)C(c3ccc4ccccc4c3)C2)cc1,382.8940000000002,6.848900000000005,0.0,2.0,1.0
128,Brc1cccc(Nc2ncnc3ccc(N/N=N/Cc4ccccc4)cc23)c1,EGFR P STAT3,CHEMBL424093,25.0,0.015158680267632,0.5384529537556803,0.9414545234252326,0.0,0.45,Brc1cccc(Nc2ncnc3ccc(N/N=N/Cc4ccccc4)cc23)c1,433.31300000000016,6.115200000000003,2.0,5.0,1.0
133,NC(=S)N1N=C(c2ccc(Cl)c(Cl)c2)CC1c1ccc2ccccc2c1,EGFR P STAT3,CHEMBL2325087,660.0,0.2633677124977112,0.3102,0.934135285085264,0.0,0.03,NC(=S)N1N=C(c2ccc(Cl)c(Cl)c2)CC1c1ccc2ccccc2c1,400.3340000000002,5.541300000000003,1.0,2.0,1.0
134,c1ccc(C2=NN(c3ccccc3)C(c3cccc4ccccc34)C2)cc1,EGFR P STAT3,CHEMBL2325088,2520.0,0.0728060752153396,0.2952,0.9024876078703156,0.0,0.02,c1ccc(C2=NN(c3ccccc3)C(c3cccc4ccccc34)C2)cc1,348.4490000000001,6.1955000000000044,0.0,2.0,1.0
137,C=CC(=O)Nc1ccc(OC)c(Nc2cc(-c3c(-c4ccc(F)cc4)nc(SC)n3C)ccn2)c1,EGFR P STAT3,CHEMBL4441037,111.0,0.2338857799768448,0.5889189189189189,0.9193640404823018,0.0,0.0,C=CC(=O)Nc1ccc(OC)c(Nc2cc(-c3c(-c4ccc(F)cc4)nc(SC)n3C)ccn2)c1,489.5760000000001,5.8868000000000045,2.0,7.0,1.0
150,O=C(/C=C/c1ccccc1)Cc1cc2c(Nc3cccc(Br)c3)ncnc2cn1,EGFR P STAT3,CHEMBL509914,9.12,0.0214261952787637,0.520406976744186,0.915551991080322,0.0,0.64,O=C(/C=C/c1ccccc1)Cc1cc2c(Nc3cccc(Br)c3)ncnc2cn1,445.32000000000005,5.355900000000004,1.0,5.0,1.0
154,C=CC(=O)Nc1cc2c(Nc3ccc(Br)cc3F)ncnc2cc1OCCNC(=O)C1CCCN1C(=O)CC,EGFR P STAT3,CHEMBL3671575,196.0,0.4735824763774872,0.677258064516129,0.9179223207175646,0.0,0.4383333333333333,C=CC(=O)Nc1cc2c(Nc3ccc(Br)cc3F)ncnc2cc1OCCNC(=O)C1CCCN1C(=O)CC,599.461,4.295500000000003,3.0,7.0,1.0
159,Clc1ccc(C2=NN(c3ccccc3)C(c3ccc4ccccc4c3)C2)cc1Cl,EGFR P STAT3,CHEMBL2325101,50.0,0.187866523861885,0.2702,0.9311245538243036,0.0,0.09,Clc1ccc(C2=NN(c3ccccc3)C(c3ccc4ccccc4c3)C2)cc1Cl,417.33900000000017,7.502300000000004,0.0,2.0,1.0
164,C=CC(=O)Nc1ccc2ncnc(Nc3ccc(Oc4ccccc4)cc3)c2c1,EGFR P STAT3,CHEMBL53203,5.8,0.093419499695301,0.67,0.9328141211660084,0.0,0.0533333333333333,C=CC(=O)Nc1ccc2ncnc(Nc3ccc(Oc4ccccc4)cc3)c2c1,382.42300000000006,5.290200000000003,2.0,5.0,1.0
165,Brc1cccc(Nc2ncnc3sc4c(c23)CCCC4)c1,EGFR P STAT3,CHEMBL4171764,2.61,0.0558663643896579,0.4079161068816241,0.910358002086269,0.0,0.665,Brc1cccc(Nc2ncnc3sc4c(c23)CCCC4)c1,360.28000000000026,5.076200000000002,1.0,4.0,1.0
168,Fc1ccc(C2=NN(c3ccccc3)C(c3ccc4ccccc4c3)C2)cc1,EGFR P STAT3,CHEMBL2325096,300.0,0.0932468846440315,0.242,0.9270796649884449,0.0,0.025,Fc1ccc(C2=NN(c3ccccc3)C(c3ccc4ccccc4c3)C2)cc1,366.43900000000014,6.3346000000000044,0.0,2.0,1.0
169,O=C(CO)N1CCC[C@@H]1COc1cccc2ncnc(Nc3ccc(OCc4ccccn4)c(Cl)c3)c12,EGFR P STAT3,CHEMBL249927,97.0,0.2944584786891937,0.575,0.9380990608524944,0.0,0.14,O=C(CO)N1CCC[C@@H]1COc1cccc2ncnc(Nc3ccc(OCc4ccccn4)c(Cl)c3)c12,519.9890000000001,4.362900000000003,2.0,8.0,1.0
170,C=CCOc1ccc2ncnc(Nc3ccc(OCc4ccccc4)cc3)c2c1,EGFR P STAT3,CHEMBL540701,79.43,0.014278806746006,0.5650459770114943,0.9181130723445042,0.0,0.255,C=CCOc1ccc2ncnc(Nc3ccc(OCc4ccccc4)cc3)c2c1,383.4510000000001,5.517200000000004,1.0,5.0,1.0
173,O=C(CO)N1CCC[C@H]1COc1cccc2ncnc(Nc3ccc(OCc4ccccn4)c(Cl)c3)c12,EGFR P STAT3,CHEMBL403569,327.0,0.2944584786891937,0.575,0.9380990608524944,0.0,0.15,O=C(CO)N1CCC[C@H]1COc1cccc2ncnc(Nc3ccc(OCc4ccccn4)c(Cl)c3)c12,519.9890000000001,4.362900000000003,2.0,8.0,1.0
175,O=C(N/N=C/c1ccc(F)cc1Cl)N1CCc2ncnc(Nc3cccc(Br)c3)c2C1,EGFR P STAT3,CHEMBL4226907,18.0,0.7966170310974121,0.55,0.909100726177384,0.0,0.02,O=C(N/N=C/c1ccc(F)cc1Cl)N1CCc2ncnc(Nc3cccc(Br)c3)c2C1,503.7630000000001,4.877000000000003,2.0,5.0,1.0
177,c1ccc(NCCN(c2cc3ncnc(Nc4ccc5[nH]ccc5c4)c3s2)n2cccc2)cc1,EGFR P STAT3,CHEMBL79215,1.0,0.007029206957668,0.47,0.9008916280186716,0.0,0.445,c1ccc(NCCN(c2cc3ncnc(Nc4ccc5[nH]ccc5c4)c3s2)n2cccc2)cc1,465.5860000000001,6.099500000000004,3.0,7.0,1.0
178,Cc1ccc2c(C)nc(Nc3nc(O)cc(CSc4nnnn4-c4ccccc4)n3)nc2c1,EGFR P STAT3,CHEMBL1365395,3920.0,0.0397551916539669,0.54,0.9045394753595768,0.0,0.35,Cc1ccc2c(C)nc(Nc3nc(O)cc(CSc4nnnn4-c4ccccc4)n3)nc2c1,457.52300000000014,3.7538400000000003,2.0,11.0,1.0
181,Brc1ccc(C2=NN(c3ccccc3)C(c3ccc4ccccc4c3)C2)cc1,EGFR P STAT3,CHEMBL2325098,710.0,0.071808211505413,0.2702,0.9294037598347524,0.0,0.0633333333333333,Brc1ccc(C2=NN(c3ccccc3)C(c3ccc4ccccc4c3)C2)cc1,427.34500000000014,6.9580000000000055,0.0,2.0,1.0
182,NC(=S)N1N=C(c2ccc(Cl)c(Cl)c2)CC1c1cccc2ccccc12,EGFR P STAT3,CHEMBL2325108,210.0,0.3183642625808716,0.3901999999999999,0.936104464342151,0.0,0.63,NC(=S)N1N=C(c2ccc(Cl)c(Cl)c2)CC1c1cccc2ccccc12,400.3340000000002,5.541300000000003,1.0,2.0,1.0
184,Fc1ccc(C2=NN(c3ccccc3)C(c3cccc4ccccc34)C2)cc1,EGFR P STAT3,CHEMBL2325089,1070.0,0.118765652179718,0.237,0.9171716726969644,0.0,0.025,Fc1ccc(C2=NN(c3ccccc3)C(c3cccc4ccccc34)C2)cc1,366.4390000000002,6.3346000000000044,0.0,2.0,1.0
189,Clc1ccc(C2=NN(c3ccccc3)C(c3cccc4ccccc34)C2)cc1,EGFR P STAT3,CHEMBL2325090,680.0,0.1477369666099548,0.2652,0.907937640483987,0.0,0.0883333333333333,Clc1ccc(C2=NN(c3ccccc3)C(c3cccc4ccccc34)C2)cc1,382.8940000000002,6.848900000000005,0.0,2.0,1.0
195,c1ccc(C2=NN(c3ccccc3)C(c3ccc4ccccc4c3)C2)cc1,EGFR P STAT3,CHEMBL2325095,240.0,0.0794554725289344,0.2602,0.9139873931070588,0.0,0.09,c1ccc(C2=NN(c3ccccc3)C(c3ccc4ccccc4c3)C2)cc1,348.4490000000001,6.1955000000000044,0.0,2.0,1.0
198,Clc1ccc(C2=NN(c3ccccc3)C(c3cccc4ccccc34)C2)cc1Cl,EGFR P STAT3,CHEMBL2325094,140.0,0.2645800709724426,0.3251999999999999,0.9331773069106568,0.0,0.3933333333333333,Clc1ccc(C2=NN(c3ccccc3)C(c3cccc4ccccc34)C2)cc1Cl,417.33900000000017,7.502300000000004,0.0,2.0,1.0
199,Brc1ccc(C2=NN(c3ccccc3)C(c3cccc4ccccc34)C2)cc1,EGFR P STAT3,CHEMBL2325091,490.0,0.0633787810802459,0.3051999999999999,0.919784228748874,0.0,0.49,Brc1ccc(C2=NN(c3ccccc3)C(c3cccc4ccccc34)C2)cc1,427.34500000000014,6.9580000000000055,0.0,2.0,1.0
201,C=CC(=O)Nc1ccc(OC)c(Nc2cc(-c3nc(SC)n(C)c3-c3ccc(F)cc3)ccn2)c1,EGFR P STAT3,CHEMBL4575583,1.0,0.3041007220745086,0.6069189189189188,0.9114936330481812,0.0,0.115,C=CC(=O)Nc1ccc(OC)c(Nc2cc(-c3nc(SC)n(C)c3-c3ccc(F)cc3)ccn2)c1,489.57600000000014,5.8868000000000045,2.0,7.0,1.0
205,Fc1cccc(COc2ccc(Nc3ncnc4nn5ccccc5c34)cc2Cl)c1,EGFR P STAT3,CHEMBL182254,32.0,0.0942179933190345,0.603,0.925910157677919,0.0,0.15,Fc1cccc(COc2ccc(Nc3ncnc4nn5ccccc5c34)cc2Cl)c1,419.8470000000001,5.3926000000000025,1.0,6.0,1.0
206,NC(=O)O[C@H]1CN[C@H](C#Cc2cc3ncnc(Nc4ccc(OCc5cccc(F)c5)c(Cl)c4)c3s2)C1,EGFR P STAT3,CHEMBL461426,40.0,0.4168319702148437,0.6398701298701299,0.9228893220227676,0.0,0.03,NC(=O)O[C@H]1CN[C@H](C#Cc2cc3ncnc(Nc4ccc(OCc5cccc(F)c5)c(Cl)c4)c3s2)C1,538.0040000000001,4.983700000000003,3.0,8.0,1.0
209,C[C@@]1(C(=O)Nc2ccc3[nH]nc(-c4ccc(F)cc4)c3c2)CCN(CC(=O)N2CCN(c3ccc(-c4ncccn4)cc3)CC2)C1,MAPK1 P EGFR,CHEMBL4228816,0.9208036661148072,24.0,0.5,0.0451080177747161,0.0,0.135,C[C@@]1(C(=O)Nc2ccc3[nH]nc(-c4ccc(F)cc4)c3c2)CCN(CC(=O)N2CCN(c3ccc(-c4ncccn4)cc3)CC2)C1,618.7170000000002,4.825300000000004,2.0,7.0,1.0
214,COCC(=O)OC[C@@H](NC(=O)N1CCc2cnc(NC3CCOCC3)nc2C1)c1ccc(F)c(Cl)c1,MAPK1 P EGFR,CHEMBL4108835,0.9172062873840332,5.3,0.54,0.0362848742663435,0.0,0.16,COCC(=O)OC[C@@H](NC(=O)N1CCc2cnc(NC3CCOCC3)nc2C1)c1ccc(F)c(Cl)c1,521.9770000000003,2.858600000000001,2.0,8.0,1.0
215,O=C(Nc1cc2[nH]nc(Nc3ccccc3Cl)c2cn1)N[C@@H]1CCCOc2ccccc21,MAPK1 P EGFR,CHEMBL4107463,0.9271413683891296,60.1,0.6,0.6912217732353239,0.0,0.0533333333333333,O=C(Nc1cc2[nH]nc(Nc3ccccc3Cl)c2cn1)N[C@@H]1CCCOc2ccccc21,448.91400000000027,5.390300000000003,4.0,5.0,1.0
216,O=C(Nc1ccc(O)c(Cl)c1)[C@@H]1CCN(CC(=O)N2CCN(c3ccc(-c4ccc(F)cc4)cc3)CC2)C1,MAPK1 P EGFR,CHEMBL3398592,0.929602324962616,100000.0,0.53,0.2710914553939884,0.0,0.19,O=C(Nc1ccc(O)c(Cl)c1)[C@@H]1CCN(CC(=O)N2CCN(c3ccc(-c4ccc(F)cc4)cc3)CC2)C1,537.0350000000001,4.460900000000004,2.0,5.0,1.0
218,O=C(N[C@@H](c1ccc(F)c(Cl)c1)[C@@]1(F)CCNC1)c1ccc2cnc(NC3CCOCC3)nc2c1,MAPK1 P EGFR,CHEMBL3946491,0.9191216826438904,1.2,0.5,0.0102247098613288,0.0,0.0233333333333333,O=C(N[C@@H](c1ccc(F)c(Cl)c1)[C@@]1(F)CCNC1)c1ccc2cnc(NC3CCOCC3)nc2c1,501.9650000000003,4.185900000000003,3.0,6.0,1.0
219,C[C@@H](NC(=O)Nc1cc2[nH]nc(-c3ccc(F)cc3)c2cn1)c1ccc(F)c(Cl)c1,MAPK1 P EGFR,CHEMBL3654724,0.9135019183158876,9.337,0.4314285714285714,0.0820286668563974,0.0,0.05,C[C@@H](NC(=O)Nc1cc2[nH]nc(-c3ccc(F)cc3)c2cn1)c1ccc(F)c(Cl)c1,427.8420000000001,5.439200000000002,3.0,3.0,1.0
226,O=C(Nc1ccc(O)c(Cl)c1)[C@@H]1CCN(CC(=O)N2CCN(c3ccc(-c4ccoc4)cc3)CC2)C1,MAPK1 P EGFR,CHEMBL3356123,0.902301788330078,5500.0,0.53,0.286052664539737,0.0,0.03,O=C(Nc1ccc(O)c(Cl)c1)[C@@H]1CCN(CC(=O)N2CCN(c3ccc(-c4ccoc4)cc3)CC2)C1,509.0060000000003,3.914800000000003,2.0,6.0,1.0
227,O=C(Nc1ccc(O)c(F)c1)[C@@H]1CCN(CC(=O)N2CCN(c3ccc(-c4ncccn4)cc3)CC2)C1,MAPK1 P EGFR,CHEMBL3398608,0.9147781133651732,2670.0,0.63,0.1758638549616661,0.0,0.1066666666666666,O=C(Nc1ccc(O)c(F)c1)[C@@H]1CCN(CC(=O)N2CCN(c3ccc(-c4ncccn4)cc3)CC2)C1,504.56600000000026,2.597500000000001,2.0,7.0,1.0
232,CS[C@@]1(C(=O)Nc2ccc3[nH]nc(-c4ccc(F)cc4)c3c2)CCN(CC(=O)N2CCN(c3ccc(-c4ncccn4)cc3)CC2)C1,MAPK1 P EGFR,CHEMBL4215228,0.9361207485198976,5.6,0.52,0.0723440189207749,0.0,0.175,CS[C@@]1(C(=O)Nc2ccc3[nH]nc(-c4ccc(F)cc4)c3c2)CCN(CC(=O)N2CCN(c3ccc(-c4ncccn4)cc3)CC2)C1,650.7840000000001,4.920800000000004,2.0,8.0,1.0
235,O=C(N[C@@H](c1ccc(F)c(Cl)c1)[C@]1(F)CCNC1)c1ccc2cnc(NC3CCOCC3)nc2c1,MAPK1 P EGFR,CHEMBL3955181,0.9191216826438904,1.6,0.5,0.0102247098613288,0.0,0.09,O=C(N[C@@H](c1ccc(F)c(Cl)c1)[C@]1(F)CCNC1)c1ccc2cnc(NC3CCOCC3)nc2c1,501.9650000000003,4.185900000000003,3.0,6.0,1.0
240,COc1cccc(F)c1CN1CCC[C@@H](NC(=O)Nc2cc3[nH]nc(-c4ccc5nn(C)cc5c4)c3cn2)C1,MAPK1 P EGFR,CHEMBL3663100,0.9477453231811525,0.9287,0.647258064516129,0.1642716379479948,0.0,0.1,COc1cccc(F)c1CN1CCC[C@@H](NC(=O)Nc2cc3[nH]nc(-c4ccc5nn(C)cc5c4)c3cn2)C1,528.5920000000001,4.445400000000002,3.0,7.0,1.0
251,Cc1csc(-c2ccc(-c3n[nH]c4cc(NC(=O)N[C@H](C)c5ccc(F)cc5)ncc34)cn2)n1,MAPK1 P EGFR,CHEMBL3654875,0.9432982802391052,1258.0,0.4314285714285714,0.1686175755277384,0.0,0.1075,Cc1csc(-c2ccc(-c3n[nH]c4cc(NC(=O)N[C@H](C)c5ccc(F)cc5)ncc34)cn2)n1,473.5370000000001,5.473620000000004,3.0,6.0,1.0
252,O=C(N[C@H](c1ccc(F)c(Cl)c1)[C@]1(F)CCNC1)c1ccc2cnc(NC3CCOCC3)nc2c1,MAPK1 P EGFR,CHEMBL4106841,0.9191216826438904,65.4,0.5,0.0102247098613288,0.0,0.1233333333333333,O=C(N[C@H](c1ccc(F)c(Cl)c1)[C@]1(F)CCNC1)c1ccc2cnc(NC3CCOCC3)nc2c1,501.9650000000003,4.185900000000003,3.0,6.0,1.0
255,CC(C)c1cc(NC(=O)[C@@H]2CCN(CC(=O)N3CCN(c4ccc(-c5ncccn5)cc4)CC3)C2)ccc1O,MAPK1 P EGFR,CHEMBL3398607,0.9526650309562684,73.0,0.51,0.0445760047380956,0.0,0.13,CC(C)c1cc(NC(=O)[C@@H]2CCN(CC(=O)N3CCN(c4ccc(-c5ncccn5)cc4)CC3)C2)ccc1O,528.6570000000003,3.5818000000000025,2.0,7.0,1.0
257,C[C@@H](NC(=O)Nc1cc2[nH]nc(-c3ccc(N4CCCCC4)nc3)c2cn1)c1ccc(F)cc1,MAPK1 P EGFR,CHEMBL3654870,0.9187936782836914,9.85,0.5522222222222222,0.1434877231738687,0.0,0.1716666666666667,C[C@@H](NC(=O)Nc1cc2[nH]nc(-c3ccc(N4CCCCC4)nc3)c2cn1)c1ccc(F)cc1,459.5290000000002,5.032000000000004,3.0,5.0,1.0
260,O=C(Nc1ccc2[nH]nc(-c3ccc(F)cc3)c2c1)[C@@H]1CCN(CC(=O)N2CCN(c3ccc(-c4ncccn4)cc3)CC2)C1,MAPK1 P EGFR,CHEMBL4225841,0.9403402805328368,5.5,0.55,0.2607144924581356,0.0,0.15,O=C(Nc1ccc2[nH]nc(-c3ccc(F)cc3)c2c1)[C@@H]1CCN(CC(=O)N2CCN(c3ccc(-c4ncccn4)cc3)CC2)C1,604.6900000000002,4.435200000000004,2.0,7.0,1.0
264,O=C(Nc1ccc(O)c(Cl)c1)[C@@H]1CCN(CC(=O)N2CCN(c3ccc(-c4ccsc4)cc3)CC2)C1,MAPK1 P EGFR,CHEMBL3356122,0.9336885213851928,20000.0,0.51,0.2501578908662014,0.0,0.03,O=C(Nc1ccc(O)c(Cl)c1)[C@@H]1CCN(CC(=O)N2CCN(c3ccc(-c4ccsc4)cc3)CC2)C1,525.0740000000002,4.383300000000004,2.0,6.0,1.0
265,O=C(Nc1ccc(O)c(Cl)c1)[C@@H]1CCN(CC(=O)N2CCN(c3ccc(-c4cncnc4)cc3)CC2)C1,MAPK1 P EGFR,CHEMBL3398601,0.9472372531890868,1800.0,0.54,0.356378568684403,0.0,0.04,O=C(Nc1ccc(O)c(Cl)c1)[C@@H]1CCN(CC(=O)N2CCN(c3ccc(-c4cncnc4)cc3)CC2)C1,521.0210000000002,3.1118000000000015,2.0,7.0,1.0
266,CO[C@@]1(C(=O)Nc2ccc3[nH]nc(-c4ccc(F)cc4)c3c2)CCN(CC(=O)N2CCN(c3ccc(-c4ncccn4)cc3)CC2)C1,MAPK1 P EGFR,CHEMBL3645233,0.9268910884857178,2.1,0.53,0.1026799464791495,0.0,0.22,CO[C@@]1(C(=O)Nc2ccc3[nH]nc(-c4ccc(F)cc4)c3c2)CCN(CC(=O)N2CCN(c3ccc(-c4ncccn4)cc3)CC2)C1,634.7160000000001,4.204200000000004,2.0,8.0,1.0
269,CC(=O)N(C[C@@H]1CCN(CC(=O)N2CCN(c3ccc(-c4ncccn4)cc3)CC2)C1)c1ccc2[nH]nc(-c3ccc(F)cc3)c2c1,MAPK1 P EGFR,CHEMBL4226108,0.9481616616249084,574.0,0.44,0.068664819724318,0.0,0.1633333333333333,CC(=O)N(C[C@@H]1CCN(CC(=O)N2CCN(c3ccc(-c4ncccn4)cc3)CC2)C1)c1ccc2[nH]nc(-c3ccc(F)cc3)c2c1,632.7440000000003,4.849600000000004,1.0,7.0,1.0
270,O=C(Nc1ccc(O)c(C2CC2)c1)[C@@H]1CCN(CC(=O)N2CCN(c3ccc(-c4ncccn4)cc3)CC2)C1,MAPK1 P EGFR,CHEMBL3398606,0.913298726081848,36.0,0.62,0.2129566051918824,0.0,0.1333333333333333,O=C(Nc1ccc(O)c(C2CC2)c1)[C@@H]1CCN(CC(=O)N2CCN(c3ccc(-c4ncccn4)cc3)CC2)C1,526.6410000000002,3.3358000000000017,2.0,7.0,1.0
272,O=C(CN1CC[C@@H](CNc2ccc3[nH]nc(-c4ccc(F)cc4)c3c2)C1)N1CCN(c2ccc(-c3ncccn3)cc2)CC1,MAPK1 P EGFR,CHEMBL4225250,0.9462618827819824,960.0,0.47,0.3477362087745617,0.0,0.12,O=C(CN1CC[C@@H](CNc2ccc3[nH]nc(-c4ccc(F)cc4)c3c2)C1)N1CCN(c2ccc(-c3ncccn3)cc2)CC1,590.7070000000001,4.908600000000004,2.0,7.0,1.0
273,O=C(Nc1ccc(O)c(Cl)c1)[C@@H]1CCN(CC(=O)N2CCN(c3ccc(-c4cccc(F)c4)cc3)CC2)C1,MAPK1 P EGFR,CHEMBL3398593,0.907167673110962,2200.0,0.55,0.2134053065288153,0.0,0.09,O=C(Nc1ccc(O)c(Cl)c1)[C@@H]1CCN(CC(=O)N2CCN(c3ccc(-c4cccc(F)c4)cc3)CC2)C1,537.0350000000001,4.460900000000004,2.0,5.0,1.0
274,O=C(Nc1ccc(O)c(Cl)c1)[C@@H]1CCN(CC(=O)N2CCN(c3ccc(-c4ccccc4F)cc3)CC2)C1,MAPK1 P EGFR,CHEMBL3398594,0.9239968061447144,1200.0,0.52,0.1416015659825313,0.0,0.1,O=C(Nc1ccc(O)c(Cl)c1)[C@@H]1CCN(CC(=O)N2CCN(c3ccc(-c4ccccc4F)cc3)CC2)C1,537.0350000000001,4.460900000000004,2.0,5.0,1.0
276,C[C@@H](NC(=O)Nc1cc2[nH]nc(-c3ccc(C#N)cc3)c2cn1)c1cccc(Cl)c1,MAPK1 P EGFR,CHEMBL3654735,0.9029199481010436,6.107,0.4247619047619047,0.1251396579584363,0.0,0.11,C[C@@H](NC(=O)Nc1cc2[nH]nc(-c3ccc(C#N)cc3)c2cn1)c1cccc(Cl)c1,416.87200000000007,5.032680000000003,3.0,4.0,1.0
282,O=C(Nc1ccc(O)c(Cl)c1)[C@@H]1CCN(CC(=O)N2CCN(c3ccc(-c4cnco4)cc3)CC2)C1,MAPK1 P EGFR,CHEMBL3398597,0.9599697589874268,12000.0,0.54,0.3476721936610624,0.0,0.03,O=C(Nc1ccc(O)c(Cl)c1)[C@@H]1CCN(CC(=O)N2CCN(c3ccc(-c4cnco4)cc3)CC2)C1,509.9940000000003,3.309800000000002,2.0,7.0,1.0
292,O=C(CN1CCC(CF)(C(=O)Nc2ccc3[nH]nc(-c4ccc(F)cc4)c3c2)C1)N1CCN(c2ccc(-c3ncccn3)cc2)CC1,MAPK1 P EGFR,CHEMBL4225054,0.9338797926902772,5.8,0.54,0.0982689175801588,0.0,0.045,O=C(CN1CCC(CF)(C(=O)Nc2ccc3[nH]nc(-c4ccc(F)cc4)c3c2)C1)N1CCN(c2ccc(-c3ncccn3)cc2)CC1,636.7070000000001,4.774900000000005,2.0,7.0,1.0
293,Cc1cc(-c2n[nH]c3cc(NC(=O)NC4CCCC(Oc5ccc(Cl)c(F)c5)C4)ncc23)ccn1,MAPK1 P EGFR,CHEMBL3663076,0.939780294895172,36.43,0.625,0.3409559092949746,0.0,0.04,Cc1cc(-c2n[nH]c3cc(NC(=O)NC4CCCC(Oc5ccc(Cl)c(F)c5)C4)ncc23)ccn1,494.95800000000014,5.632520000000005,3.0,5.0,1.0
296,O=C(Nc1ccc(O)c(Cl)c1)[C@@H]1CCN(CC(=O)N2CCN(c3ccc(-c4cccs4)cc3)CC2)C1,MAPK1 P EGFR,CHEMBL3398596,0.9237878322601318,20000.0,0.53,0.2160256863452997,0.0,0.01,O=C(Nc1ccc(O)c(Cl)c1)[C@@H]1CCN(CC(=O)N2CCN(c3ccc(-c4cccs4)cc3)CC2)C1,525.0740000000002,4.383300000000004,2.0,6.0,1.0
298,O=C(Nc1ccc(O)c(Cl)c1)[C@@H]1CCN(CC(=O)N2CCN(c3ccc(-c4ncc(F)cn4)cc3)CC2)C1,MAPK1 P EGFR,CHEMBL3398600,0.9239124655723572,1760.0,0.65,0.3335850402928718,0.0,0.09,O=C(Nc1ccc(O)c(Cl)c1)[C@@H]1CCN(CC(=O)N2CCN(c3ccc(-c4ncc(F)cn4)cc3)CC2)C1,539.0110000000001,3.2509000000000023,2.0,7.0,1.0
299,CCc1cnc(-c2ccc(N3CCN(C(=O)CN4CC[C@@H](C(=O)Nc5ccc(O)c(Cl)c5)C4)CC3)cc2)nc1,MAPK1 P EGFR,CHEMBL3398599,0.9484041333198548,5.0,0.65,0.1531264655953199,0.0,0.4008333333333332,CCc1cnc(-c2ccc(N3CCN(C(=O)CN4CC[C@@H](C(=O)Nc5ccc(O)c(Cl)c5)C4)CC3)cc2)nc1,549.0750000000002,3.6742000000000017,2.0,7.0,1.0
304,O=C(N[C@H](c1ccc(F)c(Cl)c1)[C@@]1(F)CCNC1)c1ccc2cnc(NC3CCOCC3)nc2c1,MAPK1 P EGFR,CHEMBL4111837,0.9191216826438904,73.6,0.5,0.0102247098613288,0.0,0.74,O=C(N[C@H](c1ccc(F)c(Cl)c1)[C@@]1(F)CCNC1)c1ccc2cnc(NC3CCOCC3)nc2c1,501.9650000000003,4.185900000000003,3.0,6.0,1.0
306,O=C(Nc1ccc(O)c(C(F)(F)F)c1)[C@@H]1CCN(CC(=O)N2CCN(c3ccc(-c4ncccn4)cc3)CC2)C1,MAPK1 P EGFR,CHEMBL3398605,0.9675021767616272,100.0,0.62,0.2120915952132022,0.0,0.06,O=C(Nc1ccc(O)c(C(F)(F)F)c1)[C@@H]1CCN(CC(=O)N2CCN(c3ccc(-c4ncccn4)cc3)CC2)C1,554.5730000000001,3.4772000000000025,2.0,7.0,1.0
314,O=C(Nc1ccc(O)c(Cl)c1)[C@@H]1CCN(CC(=O)N2CCN(c3ccc(-c4nccs4)cc3)CC2)C1,MAPK1 P EGFR,CHEMBL3398604,0.9267273545265198,300.0,0.63,0.2237658860733419,0.0,0.27,O=C(Nc1ccc(O)c(Cl)c1)[C@@H]1CCN(CC(=O)N2CCN(c3ccc(-c4nccs4)cc3)CC2)C1,526.0620000000001,3.7783000000000024,2.0,7.0,1.0
318,O=C(Nc1ccc(O)c(Cl)c1)[C@@H]1CCN(CC(=O)N2CCN(c3ccc(-c4ncccn4)cc3)CC2)C1,MAPK1 P EGFR,CHEMBL3398598,0.9176315069198608,410.0,0.62,0.2889956146910176,0.0,0.17,O=C(Nc1ccc(O)c(Cl)c1)[C@@H]1CCN(CC(=O)N2CCN(c3ccc(-c4ncccn4)cc3)CC2)C1,521.0210000000002,3.1118000000000015,2.0,7.0,1.0
319,C=CC(=O)Nc1cc(C)ccc1Nc1nc(Nc2cc(OC)ncc2C)ncc1C(F)(F)F,MAPK1 P EGFR,CHEMBL5183609,0.9056329727172852,10.0,0.65,0.7929068542232033,0.0,0.24,C=CC(=O)Nc1cc(C)ccc1Nc1nc(Nc2cc(OC)ncc2C)ncc1C(F)(F)F,458.4440000000002,5.127540000000002,3.0,7.0,1.0
329,COC[C@@]1(C(=O)Nc2ccc3[nH]nc(-c4ccc(F)cc4)c3c2)CCN(CC(=O)N2CCN(c3ccc(-c4ncccn4)cc3)CC2)C1,MAPK1 P EGFR,CHEMBL4228493,0.9447025060653688,25.0,0.53,0.076081672837868,0.0,0.0,COC[C@@]1(C(=O)Nc2ccc3[nH]nc(-c4ccc(F)cc4)c3c2)CCN(CC(=O)N2CCN(c3ccc(-c4ncccn4)cc3)CC2)C1,648.743,4.451800000000004,2.0,8.0,1.0
332,CCO[C@@]1(C(=O)Nc2ccc3[nH]nc(-c4ccc(F)cc4)c3c2)CCN(CC(=O)N2CCN(c3ccc(-c4ncccn4)cc3)CC2)C1,MAPK1 P EGFR,CHEMBL4226533,0.9121177196502686,9.7,0.54,0.0400250145359417,0.0,0.075,CCO[C@@]1(C(=O)Nc2ccc3[nH]nc(-c4ccc(F)cc4)c3c2)CCN(CC(=O)N2CCN(c3ccc(-c4ncccn4)cc3)CC2)C1,648.743,4.594300000000005,2.0,8.0,1.0
339,COCC(=O)N1CCC[C@@H](c2nc(-c3ccc(C(=O)Nc4cc(C(F)(F)F)ccn4)cc3F)c3c(N)nccn23)C1,SRC P EGFR MAPK1,CHEMBL4076024,0.9243625998497008,0.915675401687622,55.0,0.0548217312182714,0.0,0.01,COCC(=O)N1CCC[C@@H](c2nc(-c3ccc(C(=O)Nc4cc(C(F)(F)F)ccn4)cc3F)c3c(N)nccn23)C1,571.535,4.1361000000000026,2.0,8.0,1.0
347,CC1(C(=O)N2CCC[C@@H](c3nc(-c4ccc(C(=O)Nc5cc(C(F)(F)F)ccn5)cc4F)c4c(N)nccn34)C2)COC1,SRC P EGFR MAPK1,CHEMBL4799627,0.9555903077125548,0.9300940632820128,116.0,0.0168043500801517,0.0,0.17,CC1(C(=O)N2CCC[C@@H](c3nc(-c4ccc(C(=O)Nc5cc(C(F)(F)F)ccn5)cc4F)c4c(N)nccn34)C2)COC1,597.573,4.526200000000002,2.0,8.0,1.0
351,Oc1cccc(Nc2nc(/C=C/c3cc4c(cc3Br)OCO4)nc3ccccc23)c1,SRC P EGFR STAT3,CHEMBL4436086,0.9362901449203492,0.089449904859066,897.0,0.9219860519031632,0.0,0.06,Oc1cccc(Nc2nc(/C=C/c3cc4c(cc3Br)OCO4)nc3ccccc23)c1,462.30300000000017,5.740600000000002,2.0,6.0,1.0
352,C=CC(=O)N1CCC[C@H]1C(=O)Nc1cc2c(Nc3cccc(Cl)c3F)ncnc2cc1OCCOC,SRC P EGFR STAT3,CHEMBL571040,0.997779130935669,0.5273298621177673,800.0,0.9441740574057406,0.0,0.01,C=CC(=O)N1CCC[C@H]1C(=O)Nc1cc2c(Nc3cccc(Cl)c3F)ncnc2cc1OCCOC,513.9570000000002,4.306600000000002,2.0,7.0,1.0
356,COc1cccc(-c2cn(-c3ccc(CCOP(=O)(O)CP(=O)(O)O)cc3)c3ncnc(N)c23)c1,SRC P EGFR,CHEMBL102183,0.9070442914962769,0.2586741149425506,700.0,0.1267066611814717,0.0,0.5133333333333333,COc1cccc(-c2cn(-c3ccc(CCOP(=O)(O)CP(=O)(O)O)cc3)c3ncnc(N)c23)c1,518.4030000000002,3.5580000000000025,4.0,8.0,1.0
357,COc1cc(-c2nn(C3CCN(C4CCN(C(C)=O)CC4)CC3)c3ncnc(N)c23)ccc1NC(=O)c1cc2ccccc2n1C,SRC P EGFR,CHEMBL370773,0.9230883717536926,0.4719961285591125,17150.0,0.1956963177475587,0.0,0.03,COc1cc(-c2nn(C3CCN(C4CCN(C(C)=O)CC4)CC3)c3ncnc(N)c23)ccc1NC(=O)c1cc2ccccc2n1C,621.7460000000002,4.475900000000002,2.0,10.0,1.0
358,COc1cc(-c2nn([C@H]3CC[C@H](N4CCN(C(C)=O)CC4)CC3)c3ncnc(N)c23)ccc1NC(=O)c1cc2ccccc2n1C,SRC P EGFR,CHEMBL197603,0.9018048048019408,0.4517388939857483,9050.0,0.1526219302566481,0.0,0.0,COc1cc(-c2nn([C@H]3CC[C@H](N4CCN(C(C)=O)CC4)CC3)c3ncnc(N)c23)ccc1NC(=O)c1cc2ccccc2n1C,621.7460000000002,4.475900000000002,2.0,10.0,1.0
359,COCC(=O)N1CCC[C@@H](c2nc(-c3ccc(C(=O)Nc4cc(C(F)(F)F)ccn4)cc3F)c3c(N)nccn23)C1,SRC P EGFR,CHEMBL4076024,0.9243625998497008,0.915675401687622,55.0,0.0548217312182714,0.0,0.01,COCC(=O)N1CCC[C@@H](c2nc(-c3ccc(C(=O)Nc4cc(C(F)(F)F)ccn4)cc3F)c3c(N)nccn23)C1,571.535,4.1361000000000026,2.0,8.0,1.0
360,COCCOc1cc2ncc(C#N)c(Nc3ccc(Cl)cc3Cl)c2cc1OC,SRC P EGFR,CHEMBL127633,0.9149711728096008,0.064574234187603,4.7,0.5070488335743176,0.0,0.03,COCCOc1cc2ncc(C#N)c(Nc3ccc(Cl)cc3Cl)c2cc1OC,418.28000000000014,5.190680000000003,1.0,6.0,1.0
364,Fc1cc(-c2nc3ccccc3s2)ccc1Nc1ncnc2cc(Cl)ccc12,SRC P EGFR,CHEMBL473557,0.9597578048706056,0.0845985040068626,700.0,0.641784728227207,0.0,0.27,Fc1cc(-c2nc3ccccc3s2)ccc1Nc1ncnc2cc(Cl)ccc12,406.8730000000001,6.442600000000002,1.0,5.0,1.0
366,CN(CCOP(=O)(O)CP(=O)(O)O)CCc1ccc(-n2cc(-c3cccc(O)c3)c3c(N)ncnc32)cc1,SRC P EGFR,CHEMBL318996,0.9128599166870116,0.4141584932804107,4.0,0.0358223362437917,0.0,0.11,CN(CCOP(=O)(O)CP(=O)(O)O)CCc1ccc(-n2cc(-c3cccc(O)c3)c3c(N)ncnc32)cc1,561.4720000000002,3.1868000000000007,5.0,9.0,1.0
369,COc1ccc(Cl)cc1-n1c(=O)c2cnc(Nc3ccc(N4CCN(C)CC4)cc3)nc2n2c3ccccc3nc12,SRC P EGFR,CHEMBL406684,0.9853469133377076,0.0771709755063057,1400.0,0.4777264490869944,0.0,0.11,COc1ccc(Cl)cc1-n1c(=O)c2cnc(Nc3ccc(N4CCN(C)CC4)cc3)nc2n2c3ccccc3nc12,567.0530000000002,4.739000000000003,1.0,10.0,1.0
370,CN(C)CCCn1c(=O)c(-c2c(Cl)cccc2Cl)cc2cnc(Nc3ccc(P(=O)(O)CP(=O)(O)O)cc3)nc21,SRC P EGFR,CHEMBL421024,0.9219098687171936,0.1386013478040695,0.3,0.0438690738510503,0.0,0.04,CN(C)CCCn1c(=O)c(-c2c(Cl)cccc2Cl)cc2cnc(Nc3ccc(P(=O)(O)CP(=O)(O)O)cc3)nc21,626.3740000000003,4.4915000000000065,4.0,8.0,1.0
374,COc1cccc(-c2cn(-c3cccc(C(=O)NCCCP(=O)(O)CP(=O)(O)O)c3)c3ncnc(N)c23)c1,SRC P EGFR,CHEMBL321116,0.9040116667747498,0.4649743437767029,360.0,0.1013196159321743,0.0,0.175,COc1cccc(-c2cn(-c3cccc(C(=O)NCCCP(=O)(O)CP(=O)(O)O)c3)c3ncnc(N)c23)c1,559.456,3.203800000000001,5.0,8.0,1.0
375,Cc1cccc(C)c1-c1cc(C)c2nc(Nc3cccc(C(=O)NCCCN(C)C)c3)nnc2c1,SRC P EGFR,CHEMBL3648066,0.9143944978713988,0.1912498325109481,13.1,0.0887833586214547,0.0,0.07,Cc1cccc(C)c1-c1cc(C)c2nc(Nc3cccc(C(=O)NCCCN(C)C)c3)nnc2c1,468.6050000000003,5.0421600000000035,2.0,6.0,1.0
378,Cc1cccc(C)c1-n1c(=O)c2cnc(Nc3ccc(N4CCN(C)CC4)cc3)nc2n2c3ccccc3nc12,SRC P EGFR,CHEMBL410295,0.92993825674057,0.0369202680885791,120.0,0.7089386565628091,0.0,0.0,Cc1cccc(C)c1-n1c(=O)c2cnc(Nc3ccc(N4CCN(C)CC4)cc3)nc2n2c3ccccc3nc12,530.6360000000003,4.693840000000004,1.0,9.0,1.0
382,Nc1nccn2c([C@@H]3CC[C@H]4COC(=O)N4C3)nc(-c3ccc(C(=O)Nc4cc(C(F)(F)F)ccn4)cc3)c12,SRC P EGFR,CHEMBL4749037,0.9373159408569336,0.6236611008644104,92.0,0.0575445667128335,0.0,0.4266666666666666,Nc1nccn2c([C@@H]3CC[C@H]4COC(=O)N4C3)nc(-c3ccc(C(=O)Nc4cc(C(F)(F)F)ccn4)cc3)c12,537.5020000000002,4.342800000000003,2.0,8.0,1.0
387,Cl.c1ccc(-c2cccc(Nc3ncnc4cc5c(cc34)OCCO5)c2)cc1,SRC P EGFR,CHEMBL2419761,0.9370614290237428,0.0535760670900344,642.0,0.6720158313830581,0.0,0.635,Cl.c1ccc(-c2cccc(Nc3ncnc4cc5c(cc34)OCCO5)c2)cc1,391.85800000000023,5.233400000000002,1.0,5.0,1.0
392,C[C@H](NC(=O)[C@H](Cc1ccc(OP(=O)(O)O)cc1)NC(=O)Cc1c[nH]c2ccccc12)c1nc(Cc2ccc(C(F)(F)F)cc2)no1,SRC P EGFR,CHEMBL131229,0.952153503894806,0.7448861598968506,62000.0,0.0035801438823599,0.0,0.15,C[C@H](NC(=O)[C@H](Cc1ccc(OP(=O)(O)O)cc1)NC(=O)Cc1c[nH]c2ccccc12)c1nc(Cc2ccc(C(F)(F)F)cc2)no1,671.5690000000003,4.779400000000004,5.0,7.0,1.0
394,Cc1ccc(-n2c(=O)c3cnc(Nc4ccc(N5CCN(C)CC5)cc4)nc3n3c4ccccc4nc23)cc1,SRC P EGFR,CHEMBL270085,0.9377951622009276,0.0232063978910446,1700.0,0.5914010156138255,0.0,0.08,Cc1ccc(-n2c(=O)c3cnc(Nc4ccc(N5CCN(C)CC5)cc4)nc3n3c4ccccc4nc23)cc1,516.6090000000004,4.385420000000004,1.0,9.0,1.0
399,COc1cc(Nc2ncc3c(=O)n(-c4c(C)cccc4C)c4nc5ccccc5n4c3n2)ccc1N1CCN(C)CC1,SRC P EGFR,CHEMBL403522,0.950240969657898,0.1391012221574783,100.0,0.6415984956386351,0.0,0.59,COc1cc(Nc2ncc3c(=O)n(-c4c(C)cccc4C)c4nc5ccccc5n4c3n2)ccc1N1CCN(C)CC1,560.6620000000001,4.702440000000004,1.0,10.0,1.0
400,COc1cccc(-c2cn(-c3ccc(CCN(C)CCOP(=O)(O)CP(=O)(O)O)cc3)c3ncnc(N)c23)c1,SRC P EGFR,CHEMBL421025,0.9277135133743286,0.3249464333057403,310.0,0.0311634390744343,0.0,0.14,COc1cccc(-c2cn(-c3ccc(CCN(C)CCOP(=O)(O)CP(=O)(O)O)cc3)c3ncnc(N)c23)c1,575.4989999999999,3.4898000000000016,4.0,9.0,1.0
401,Cc1cc(-c2cc(O)ccc2Cl)cc2nnc(Nc3cccc(SCCN4CCCC4)c3)nc12,SRC P EGFR,CHEMBL3651276,0.9736154079437256,0.3648591637611389,3.4,0.1997139006841318,0.0,0.0233333333333333,Cc1cc(-c2cc(O)ccc2Cl)cc2nnc(Nc3cccc(SCCN4CCCC4)c3)nc12,492.04800000000034,6.290720000000004,2.0,7.0,1.0
402,Oc1cccc(Nc2nc(/C=C/c3cc4c(cc3Br)OCO4)nc3ccccc23)c1,SRC P EGFR,CHEMBL4436086,0.9362901449203492,0.089449904859066,897.0,0.9219860519031632,0.0,0.06,Oc1cccc(Nc2nc(/C=C/c3cc4c(cc3Br)OCO4)nc3ccccc23)c1,462.30300000000017,5.740600000000002,2.0,6.0,1.0
405,CCN(CC)CCCCNc1cc2nc(O)c(-c3c(Cl)cccc3Cl)cc2cn1,SRC P EGFR,CHEMBL104322,0.9010741114616394,0.6070570349693298,42.0,0.0537092320388525,0.0,0.37,CCN(CC)CCCCNc1cc2nc(O)c(-c3c(Cl)cccc3Cl)cc2cn1,433.38300000000015,5.843100000000005,2.0,5.0,1.0
409,Clc1cccc(CNc2[nH]nc3ncnc(Nc4cccc(Cl)c4)c23)c1,SRC P EGFR,CHEMBL333231,0.9685366749763488,0.1666692346334457,2090.0,0.7894162077070778,0.0,0.02,Clc1cccc(CNc2[nH]nc3ncnc(Nc4cccc(Cl)c4)c23)c1,385.2580000000001,5.015400000000001,3.0,5.0,1.0
411,Cn1c(=O)c(-c2c(Cl)cccc2Cl)cc2cnc(Nc3cccc(P(=O)(O)CP(=O)(O)O)c3)nc21,SRC P EGFR,CHEMBL106442,0.905343532562256,0.1636011004447937,77.0,0.1382642571847449,0.0,0.0,Cn1c(=O)c(-c2c(Cl)cccc2Cl)cc2cnc(Nc3cccc(P(=O)(O)CP(=O)(O)O)c3)nc21,555.2510000000001,4.076800000000004,4.0,7.0,1.0
419,C[C@H](/C=C\C(F)(F)F)Oc1cc(-c2cc(-c3cc(CN(C)C)cs3)cnc2N)ccc1C(N)=O,SRC P EGFR,CHEMBL2042135,0.906944215297699,0.6433877348899841,840.0,0.0132351316852195,0.0,0.13,C[C@H](/C=C\C(F)(F)F)Oc1cc(-c2cc(-c3cc(CN(C)C)cs3)cnc2N)ccc1C(N)=O,490.5510000000003,5.105600000000005,2.0,6.0,1.0
424,C=CC(=O)N1CCC[C@H]1C(=O)Nc1cc2c(Nc3cccc(Cl)c3F)ncnc2cc1OCCOC,SRC P EGFR,CHEMBL571040,0.997779130935669,0.5273298621177673,800.0,0.9441740574057406,0.0,0.01,C=CC(=O)N1CCC[C@H]1C(=O)Nc1cc2c(Nc3cccc(Cl)c3F)ncnc2cc1OCCOC,513.9570000000002,4.306600000000002,2.0,7.0,1.0
425,COc1cc2ncnc3c2cc1OCCCCCN(C)Cc1ccc(Br)cc1N3,SRC P EGFR,CHEMBL3109738,0.9879066348075868,0.1823624074459076,11.0,0.1558488681468408,0.0,0.05,COc1cc2ncnc3c2cc1OCCCCCN(C)Cc1ccc(Br)cc1N3,457.37200000000007,5.139000000000005,1.0,6.0,1.0
427,C=CC(=O)N1CCC(n2nc(C#Cc3cc(C(=O)Nc4ccc(CN5CCN(C)CC5)c(C(F)(F)F)c4)ccc3C)c3c(N)ncnc32)CC1,SRC P EGFR,CHEMBL3426233,0.9921954870224,0.5521571040153503,15.0,0.0090812886635387,0.0,0.06,C=CC(=O)N1CCC(n2nc(C#Cc3cc(C(=O)Nc4ccc(CN5CCN(C)CC5)c(C(F)(F)F)c4)ccc3C)c3c(N)ncnc32)CC1,685.7549999999999,4.484720000000003,2.0,9.0,1.0
431,Cc1cccc(-n2c(=O)c3cnc(Nc4ccc(N5CCN(C)CC5)cc4)nc3n3c4ccccc4nc23)c1,SRC P EGFR,CHEMBL409447,0.9239903688430786,0.0516946129500865,1000.0,0.7426400001540621,0.0,0.515,Cc1cccc(-n2c(=O)c3cnc(Nc4ccc(N5CCN(C)CC5)cc4)nc3n3c4ccccc4nc23)c1,516.6090000000004,4.385420000000003,1.0,9.0,1.0
440,COCCOc1cc2ncc(C#N)c(Nc3ccc(Cl)cc3Cl)c2cc1OCCOC,SRC P EGFR,CHEMBL123733,0.9092477560043336,0.0700706988573074,12.0,0.5286147711104485,0.0,0.01,COCCOc1cc2ncc(C#N)c(Nc3ccc(Cl)cc3Cl)c2cc1OCCOC,462.33300000000025,5.2072800000000035,1.0,7.0,1.0
445,CC1(C)CC(=O)c2c(nn(-c3ccc(O)cc3)c2-c2ccc(Cl)c(Cl)c2)C1,SRC P EGFR,CHEMBL1933734,0.9271479249000548,0.5037468075752258,66600.0,0.7592725958866717,0.0,0.2623333333333333,CC1(C)CC(=O)c2c(nn(-c3ccc(O)cc3)c2-c2ccc(Cl)c(Cl)c2)C1,401.2930000000001,5.706800000000004,1.0,4.0,1.0
450,Cc1cccc(C)c1-n1c(=O)c2cnc(Nc3ccc(OCCN4CCN(C)CC4)c(F)c3)nc2n2c3ccccc3nc12,SRC P EGFR,CHEMBL407516,0.9279571771621704,0.3504821360111236,160.0,0.3844284918516642,0.0,0.13,Cc1cccc(C)c1-n1c(=O)c2cnc(Nc3ccc(OCCN4CCN(C)CC4)c(F)c3)nc2n2c3ccccc3nc12,592.6790000000003,4.707340000000005,1.0,10.0,1.0
451,CN1CCN(Cc2ccc(NC(=O)c3ccc(Cl)c(C#Cc4cncc(N5CCOCC5)c4)c3)cc2C(F)(F)F)CC1,SRC P EGFR,CHEMBL4091628,0.909446120262146,0.6683734655380249,10.8,0.0039945073834337,0.0,0.27,CN1CCN(Cc2ccc(NC(=O)c3ccc(Cl)c(C#Cc4cncc(N5CCOCC5)c4)c3)cc2C(F)(F)F)CC1,598.0690000000003,4.989900000000005,1.0,6.0,1.0
452,Cn1c(=O)c(-c2c(Cl)cccc2Cl)cc2cnc(Nc3cccc(COCC(O)CO)c3)nc21,SRC P EGFR,CHEMBL566834,0.9205032587051392,0.6606800556182861,66.0,0.3264423042109644,0.0,0.15,Cn1c(=O)c(-c2c(Cl)cccc2Cl)cc2cnc(Nc3cccc(COCC(O)CO)c3)nc21,501.3700000000003,3.915700000000003,3.0,8.0,1.0
458,C[C@H](NC(=O)[C@H](Cc1ccc(OP(=O)(O)O)cc1)NC(=O)Cc1cccs1)c1nc(Cc2ccc(C(F)(F)F)cc2)no1,SRC P EGFR,CHEMBL133644,0.932669758796692,0.5517327785491943,143000.0,0.0013065607082922,0.0,0.0,C[C@H](NC(=O)[C@H](Cc1ccc(OP(=O)(O)O)cc1)NC(=O)Cc1cccs1)c1nc(Cc2ccc(C(F)(F)F)cc2)no1,638.5610000000003,4.359600000000004,4.0,8.0,1.0
464,Cc1cc(-c2cc(O)ccc2Cl)cc2nnc(Nc3cccc(OCCN4CCCC4)c3)nc12,SRC P EGFR,CHEMBL3651250,0.9302220940589904,0.331266313791275,1.8,0.1662798487381989,0.0,0.27,Cc1cc(-c2cc(O)ccc2Cl)cc2nnc(Nc3cccc(OCCN4CCCC4)c3)nc12,475.98000000000036,5.5774200000000045,2.0,7.0,1.0
470,Nc1nccn2c([C@@H]3CC[C@H]4CCC(=O)N4C3)nc(-c3ccc(C(=O)Nc4cc(C(F)(F)F)ccn4)cc3)c12,SRC P EGFR,CHEMBL4106978,0.9245096445083618,0.6719301342964172,33.0,0.0505706422823942,0.0,0.35,Nc1nccn2c([C@@H]3CC[C@H]4CCC(=O)N4C3)nc(-c3ccc(C(=O)Nc4cc(C(F)(F)F)ccn4)cc3)c12,535.5300000000001,4.5130000000000035,2.0,7.0,1.0
471,CC1(C(=O)N2CCC[C@@H](c3nc(-c4ccc(C(=O)Nc5cc(C(F)(F)F)ccn5)cc4F)c4c(N)nccn34)C2)COC1,SRC P EGFR,CHEMBL4799627,0.9555903077125548,0.9300940632820128,116.0,0.0168043500801517,0.0,0.17,CC1(C(=O)N2CCC[C@@H](c3nc(-c4ccc(C(=O)Nc5cc(C(F)(F)F)ccn5)cc4F)c4c(N)nccn34)C2)COC1,597.573,4.526200000000002,2.0,8.0,1.0
475,COc1cccc(Nc2nnc3cc(-c4c(Cl)cccc4Cl)cc(C)c3n2)c1,SRC P EGFR,CHEMBL3648028,0.9598100185394288,0.1003126427531242,189.0,0.6223262076596018,0.0,0.02,COc1cccc(Nc2nnc3cc(-c4c(Cl)cccc4Cl)cc(C)c3n2)c1,411.29200000000014,6.059220000000003,1.0,5.0,1.0
477,CN1CCN(c2ccc(Nc3ncc4nc(Nc5ccccc5)n(C5CCCC5)c4n3)cc2)CC1,SRC P EGFR,CHEMBL2178352,0.9856531023979188,0.0074879345484077,290.0,0.6099452998886036,0.0,0.1333333333333333,CN1CCN(c2ccc(Nc3ncc4nc(Nc5ccccc5)n(C5CCCC5)c4n3)cc2)CC1,468.6090000000003,5.180400000000004,2.0,8.0,1.0
479,COc1cnc(Cl)c(Nc2ncnc3cc(OCCCN4CCOCC4)cc(OC4CCOCC4)c23)c1,SRC P EGFR,CHEMBL369899,0.9163109064102172,0.14511239528656,7.0,0.3141143916041561,0.0,0.06,COc1cnc(Cl)c(Nc2ncnc3cc(OCCCN4CCOCC4)cc(OC4CCOCC4)c23)c1,530.0250000000005,4.089300000000003,1.0,10.0,1.0
481,COc1cc(Nc2c(C#N)cnc3cc(OC4CCN(C)CC4)c(OC)cc23)c(Cl)cc1Cl,SRC P EGFR,CHEMBL291297,0.9195498824119568,0.1066982746124267,230.0,0.6276700769341388,0.0,0.08,COc1cc(Nc2c(C#N)cnc3cc(OC4CCN(C)CC4)c(OC)cc23)c(Cl)cc1Cl,487.3870000000003,5.647080000000004,1.0,7.0,1.0
488,COc1cccc(-n2c(=O)c3cnc(Nc4ccc(N5CCN(C)CC5)cc4)nc3n3c4ccccc4nc23)c1,SRC P EGFR,CHEMBL260963,0.9656175971031188,0.0511021576821804,1900.0,0.7122676687629252,0.0,0.4466666666666667,COc1cccc(-n2c(=O)c3cnc(Nc4ccc(N5CCN(C)CC5)cc4)nc3n3c4ccccc4nc23)c1,532.6080000000003,4.085600000000003,1.0,10.0,1.0
491,COCC(=O)N1CCC[C@@H](c2nc(-c3ccc(C(=O)Nc4cc(C(F)(F)F)ccn4)cc3F)c3c(N)nccn23)C1,SRC P MAPK1,CHEMBL4076024,0.9243625998497008,0.915675401687622,55.0,0.0548217312182714,0.0,0.01,COCC(=O)N1CCC[C@@H](c2nc(-c3ccc(C(=O)Nc4cc(C(F)(F)F)ccn4)cc3F)c3c(N)nccn23)C1,571.535,4.1361000000000026,2.0,8.0,1.0
496,Cc1c(-c2c(F)cc(C(N)=O)c3[nH]c4c(c23)CC[C@H](C(C)(C)O)C4)cccc1-n1c(=O)c2cccc(F)c2n(C)c1=O,SRC P MAPK1,CHEMBL3900554,0.8799834847450256,0.9020884037017822,1100.0,0.233064316895208,0.0,0.4223333333333333,Cc1c(-c2c(F)cc(C(N)=O)c3[nH]c4c(c23)CC[C@H](C(C)(C)O)C4)cccc1-n1c(=O)c2cccc(F)c2n(C)c1=O,572.6120000000001,4.399020000000004,3.0,6.0,1.0
501,CNS(=O)(=O)c1ccc2c(c1)/C(=C/c1[nH]c3c(c1CCCN1CCN(CC(=O)O)CC1)CCCC3)C(=O)N2,SRC P MAPK1,CHEMBL292930,0.0721403211355209,0.907776176929474,20.0,0.0097650784046998,0.0,0.05,CNS(=O)(=O)c1ccc2c(c1)/C(=C/c1[nH]c3c(c1CCCN1CCN(CC(=O)O)CC1)CCCC3)C(=O)N2,541.6740000000005,1.9291000000000003,4.0,6.0,1.0
512,CCOP(=O)(O)c1cc(CC(NC(C)=O)C(=O)N[C@@H](C)c2ccc(OCC3CCCCC3)c(C(N)=O)c2)ccc1OCC(=O)O,SRC P MAPK1,CHEMBL308734,0.8242518305778503,0.921570360660553,7300.0,0.0033090694215973,0.0,0.5,CCOP(=O)(O)c1cc(CC(NC(C)=O)C(=O)N[C@@H](C)c2ccc(OCC3CCCCC3)c(C(N)=O)c2)ccc1OCC(=O)O,647.6620000000004,2.9798,5.0,8.0,1.0
513,CCS(=O)(=O)c1ccc2c(c1)/C(=C/c1[nH]c3c(c1CCCN1CCN(C(=O)CO)CC1)CCCC3)C(=O)N2,SRC P MAPK1,CHEMBL56454,0.1494458615779876,0.9649418592453004,220.0,0.0022129198765692,0.0,0.045,CCS(=O)(=O)c1ccc2c(c1)/C(=C/c1[nH]c3c(c1CCCN1CCN(C(=O)CO)CC1)CCCC3)C(=O)N2,540.6860000000006,2.2489,3.0,6.0,1.0
516,CCOC(=O)CN1CCN(CCCc2c(/C=C3\C(=O)Nc4ccc(S(=O)(=O)NC)cc43)[nH]c3c2CCCC3)CC1,SRC P MAPK1,CHEMBL291759,0.0971169620752334,0.9364940524101256,900.0,0.0047300766280644,0.0,0.07,CCOC(=O)CN1CCN(CCCc2c(/C=C3\C(=O)Nc4ccc(S(=O)(=O)NC)cc43)[nH]c3c2CCCC3)CC1,569.728,2.4076000000000013,3.0,7.0,1.0
517,CNS(=O)(=O)c1ccc2c(c1)/C(=C/c1[nH]c3c(c1CCCN1CCN(CCO)CC1)CCCC3)C(=O)N2,SRC P MAPK1,CHEMBL56109,0.0999421775341034,0.9317950010299684,30.0,0.0073831573013368,0.0,0.04,CNS(=O)(=O)c1ccc2c(c1)/C(=C/c1[nH]c3c(c1CCCN1CCN(CCO)CC1)CCCC3)C(=O)N2,527.6910000000006,1.8367999999999993,4.0,6.0,1.0
522,CCS(=O)(=O)c1ccc2c(c1)/C(=C/c1[nH]c3c(c1CCCN1CCN(CC(=O)O)CC1)CCCC3)C(=O)N2,SRC P MAPK1,CHEMBL300853,0.0913772508502006,0.9276462197303772,70.0,0.006658393257664,0.0,0.06,CCS(=O)(=O)c1ccc2c(c1)/C(=C/c1[nH]c3c(c1CCCN1CCN(CC(=O)O)CC1)CCCC3)C(=O)N2,540.6860000000006,2.8146000000000013,3.0,6.0,1.0
526,CNS(=O)(=O)c1ccc2c(c1)/C(=C/c1[nH]c3c(c1CCC(=O)N1CCN(C)CC1)CCCC3)C(=O)N2,SRC P MAPK1,CHEMBL291534,0.0798066034913063,0.9220871329307556,300.0,0.0235904406238922,0.0,0.16,CNS(=O)(=O)c1ccc2c(c1)/C(=C/c1[nH]c3c(c1CCC(=O)N1CCN(C)CC1)CCCC3)C(=O)N2,511.64800000000054,2.0008999999999997,3.0,5.0,1.0
528,CNS(=O)(=O)c1ccc2c(c1)/C(=C/c1[nH]c3c(c1CCCN1CCN(C(C)=O)CC1)CCCC3)C(=O)N2,SRC P MAPK1,CHEMBL293319,0.1084355488419532,0.936997890472412,300.0,0.0040788943627583,0.0,0.47,CNS(=O)(=O)c1ccc2c(c1)/C(=C/c1[nH]c3c(c1CCCN1CCN(C(C)=O)CC1)CCCC3)C(=O)N2,525.6750000000006,2.390999999999999,3.0,5.0,1.0
531,Cc1c(-c2cc(Nc3cc4n(n3)CCN(C)C4)c(=O)[nH]n2)ccc(F)c1NC(=O)c1cc2ccccc2s1,SRC P MAPK1,CHEMBL3746293,0.3574753701686859,0.9146564602851868,924.0,0.0435186445867061,0.0,0.13,Cc1c(-c2cc(Nc3cc4n(n3)CCN(C)C4)c(=O)[nH]n2)ccc(F)c1NC(=O)c1cc2ccccc2s1,529.6010000000001,4.736920000000003,3.0,8.0,1.0
538,CN(C)CCCc1c(/C=C2\C(=O)Nc3ccc(-c4ccccc4)cc32)[nH]c2c1CCCC2,SRC P MAPK1,CHEMBL292929,0.1216534152626991,0.9623770713806152,2300.0,0.0112583950156653,0.0,0.0,CN(C)CCCc1c(/C=C2\C(=O)Nc3ccc(-c4ccccc4)cc32)[nH]c2c1CCCC2,425.57600000000025,5.547400000000005,2.0,2.0,1.0
540,CCS(=O)(=O)c1ccc2c(c1)/C(=C/c1[nH]c3c(c1CCCN1CCN(CCO)CC1)CCCC3)C(=O)N2,SRC P MAPK1,CHEMBL57143,0.1249042972922325,0.9465965628623962,1700.0,0.0050304125815973,0.0,0.265,CCS(=O)(=O)c1ccc2c(c1)/C(=C/c1[nH]c3c(c1CCCN1CCN(CCO)CC1)CCCC3)C(=O)N2,526.7030000000007,2.7223000000000006,3.0,6.0,1.0
541,CCC(=O)N1CCN(CCCc2c(/C=C3\C(=O)Nc4ccc(S(=O)(=O)NC)cc43)[nH]c3c2CCCC3)CC1,SRC P MAPK1,CHEMBL57467,0.1387301087379455,0.9370429515838624,300.0,0.002964597977209,0.0,0.115,CCC(=O)N1CCN(CCCc2c(/C=C3\C(=O)Nc4ccc(S(=O)(=O)NC)cc43)[nH]c3c2CCCC3)CC1,539.7020000000002,2.7811000000000003,3.0,5.0,1.0
544,CCC(=O)N1CCN(CCCc2c(/C=C3\C(=O)Nc4ccc(S(=O)(=O)CC)cc43)[nH]c3c2CCCC3)CC1,SRC P MAPK1,CHEMBL294466,0.1599025279283523,0.9385823011398317,800.0,0.0032619698747592,0.0,0.08,CCC(=O)N1CCN(CCCc2c(/C=C3\C(=O)Nc4ccc(S(=O)(=O)CC)cc43)[nH]c3c2CCCC3)CC1,538.7140000000003,3.6666000000000025,2.0,5.0,1.0
547,CCS(=O)(=O)c1ccc2c(c1)/C(=C/c1[nH]c3c(c1CCC(=O)N1CCN(C)CC1)CCCC3)C(=O)N2,SRC P MAPK1,CHEMBL294668,0.1014396101236343,0.9381720423698424,500.0,0.0161570887175127,0.0,0.32,CCS(=O)(=O)c1ccc2c(c1)/C(=C/c1[nH]c3c(c1CCC(=O)N1CCN(C)CC1)CCCC3)C(=O)N2,510.66000000000054,2.886400000000002,2.0,5.0,1.0
551,O=C(Cc1ccccc1)N[C@@H](Cc1ccc(OP(=O)(O)O)cc1)C(=O)N[C@@H](CO)c1nc(Cc2ccc(Cl)c(Cl)c2)no1,SRC P MAPK1,CHEMBL337451,0.6847804188728333,0.907123565673828,35000.0,0.0067836404307081,0.0,0.1,O=C(Cc1ccccc1)N[C@@H](Cc1ccc(OP(=O)(O)O)cc1)C(=O)N[C@@H](CO)c1nc(Cc2ccc(Cl)c(Cl)c2)no1,649.4240000000001,3.558500000000002,5.0,8.0,1.0
552,CNS(=O)(=O)c1ccc2c(c1)/C(=C/c1[nH]c3c(c1CCCN1CCN(C(=O)CO)CC1)CCCC3)C(=O)N2,SRC P MAPK1,CHEMBL291914,0.1188243255019187,0.955485224723816,400.0,0.0032522189218386,0.0,0.3466666666666666,CNS(=O)(=O)c1ccc2c(c1)/C(=C/c1[nH]c3c(c1CCCN1CCN(C(=O)CO)CC1)CCCC3)C(=O)N2,541.6740000000005,1.3634000000000002,4.0,6.0,1.0
554,CC1(C(=O)N2CCC[C@@H](c3nc(-c4ccc(C(=O)Nc5cc(C(F)(F)F)ccn5)cc4F)c4c(N)nccn34)C2)COC1,SRC P MAPK1,CHEMBL4799627,0.9555903077125548,0.9300940632820128,116.0,0.0168043500801517,0.0,0.17,CC1(C(=O)N2CCC[C@@H](c3nc(-c4ccc(C(=O)Nc5cc(C(F)(F)F)ccn5)cc4F)c4c(N)nccn34)C2)COC1,597.573,4.526200000000002,2.0,8.0,1.0
556,CCS(=O)(=O)c1ccc2c(c1)/C(=C/c1[nH]c3c(c1CCCN1CCN(C(C)=O)CC1)CCCC3)C(=O)N2,SRC P MAPK1,CHEMBL59538,0.1381569504737854,0.951087772846222,400.0,0.0027761536285324,0.0,0.1608333333333333,CCS(=O)(=O)c1ccc2c(c1)/C(=C/c1[nH]c3c(c1CCCN1CCN(C(C)=O)CC1)CCCC3)C(=O)N2,524.6870000000006,3.276500000000002,2.0,5.0,1.0
557,CN(C)CCCc1c(/C=C2\C(=O)Nc3ccc(S(=O)(=O)NCc4ccc(F)cc4)cc32)[nH]c2c1CCCC2,SRC P MAPK1,CHEMBL301863,0.0630558580160141,0.9697138667106628,1200.0,0.0061103404565151,0.0,0.12,CN(C)CCCc1c(/C=C2\C(=O)Nc3ccc(S(=O)(=O)NCc4ccc(F)cc4)cc32)[nH]c2c1CCCC2,536.6730000000001,4.498000000000003,3.0,4.0,1.0
563,CC(c1cc2cc(-c3cnn(C)c3)cnc2cc1F)n1nnc2ncc(-c3cnn(CCO)c3)nc21,SRC P MAPK1,CHEMBL4074262,0.663023829460144,0.912041187286377,17056.0,0.4505838029747249,0.0,0.02,CC(c1cc2cc(-c3cnn(C)c3)cnc2cc1F)n1nnc2ncc(-c3cnn(CCO)c3)nc21,484.4990000000002,2.7742000000000004,1.0,11.0,1.0
567,Oc1cccc(Nc2nc(/C=C/c3cc4c(cc3Br)OCO4)nc3ccccc23)c1,SRC P STAT3,CHEMBL4436086,0.9362901449203492,0.089449904859066,897.0,0.9219860519031632,0.0,0.06,Oc1cccc(Nc2nc(/C=C/c3cc4c(cc3Br)OCO4)nc3ccccc23)c1,462.30300000000017,5.740600000000002,2.0,6.0,1.0
568,C=CC(=O)N1CCC[C@H]1C(=O)Nc1cc2c(Nc3cccc(Cl)c3F)ncnc2cc1OCCOC,SRC P STAT3,CHEMBL571040,0.997779130935669,0.5273298621177673,800.0,0.9441740574057406,0.0,0.01,C=CC(=O)N1CCC[C@H]1C(=O)Nc1cc2c(Nc3cccc(Cl)c3F)ncnc2cc1OCCOC,513.9570000000002,4.306600000000002,2.0,7.0,1.0
571,CC(=O)OC(C)(C)/C=C/C(=O)[C@](C)(O)[C@H]1[C@H](O)C[C@@]2(C)[C@@H]3CC=C4[C@H](C[C@H](O)C(=O)C4(C)C)[C@]3(C)C(=O)C[C@]12C,STAT3 P EGFR,CHEMBL507237,0.9442200660705566,0.7552157640457153,0.325,3000.0,0.0,0.41,CC(=O)OC(C)(C)/C=C/C(=O)[C@](C)(O)[C@H]1[C@H](O)C[C@@]2(C)[C@@H]3CC=C4[C@H](C[C@H](O)C(=O)C4(C)C)[C@]3(C)C(=O)C[C@]12C,558.7120000000002,3.4993000000000016,3.0,8.0,1.0
573,Cc1n[nH]c2ccc(-c3cc(N[C@@H](CO)c4ccccc4)cnc3-c3ccc(F)cc3O)cc12,SRC EGFR P MAPK1,CHEMBL4075917,8.1,0.9651153087615968,6.0,0.3277540330122966,0.0,0.1166666666666666,Cc1n[nH]c2ccc(-c3cc(N[C@@H](CO)c4ccccc4)cnc3-c3ccc(F)cc3O)cc12,454.50500000000017,5.590520000000004,4.0,5.0,1.0
578,CN1CCN(Cc2ccc(-c3cnc4[nH]cc(-c5ccc6[nH]ccc6c5)c4c3)cc2)CC1,SRC MAPK1 P EGFR,CHEMBL2436978,0.91496080160141,6290.0,4330.0,0.1539116156446295,0.0,0.41,CN1CCN(Cc2ccc(-c3cnc4[nH]cc(-c5ccc6[nH]ccc6c5)c4c3)cc2)CC1,421.5480000000002,5.125600000000004,2.0,3.0,1.0
579,Cc1n[nH]c2ccc(-c3cc(N[C@@H](CO)c4ccccc4)cnc3-c3cc(F)ccc3O)cc12,SRC MAPK1 P EGFR,CHEMBL4062877,0.9314149618148804,574.7,5.7,0.3766148915021579,0.0,0.1333333333333333,Cc1n[nH]c2ccc(-c3cc(N[C@@H](CO)c4ccccc4)cnc3-c3cc(F)ccc3O)cc12,454.50500000000017,5.590520000000005,4.0,5.0,1.0
