Targets,Molecule ChEMBL ID,EGFR,MAPK1,SRC,STAT3,0,BBB,SMILES,peso_molecular,logP,donadores_H,aceptores_H,violaciones,Targets_nuevo,after_P_,ruta,ID
MAPK1 P EGFR,CHEMBL2408790,0.9297608733177184,0.2857,0.66,0.198848445427645,0.0,0.0,COc1cccc(F)c1CN1CCC[C@@H](NC(=O)Nc2cc3[nH]nc(-c4ccnc(C)c4)c3cn2)C1,489.5550000000002,4.262120000000002,3.0,6.0,0.0,MAPK1_P_EGFR,EGFR,Inhibidores/Targets/EGFR,MAPK1_P_EGFR_0
MAPK1 P EGFR,CHEMBL4109433,0.934886395931244,27.2,0.58,0.4833361211992601,0.0,0.08,COC[C@@H](NC(=O)Nc1cc2[nH]nc(Nc3ccccc3Cl)c2cn1)c1ccccc1,436.9030000000002,4.864100000000002,4.0,5.0,0.0,MAPK1_P_EGFR,EGFR,Inhibidores/Targets/EGFR,MAPK1_P_EGFR_1
MAPK1 P EGFR,CHEMBL3658668,0.9524257183074952,1.344,0.4709139784946237,0.496461119583815,0.0,0.05,COC[C@@H](NC(=O)Nc1cc2[nH]nc(-c3ccn4ncnc4c3)c2cn1)c1ccc(F)cc1,446.44600000000014,3.315900000000002,3.0,7.0,0.0,MAPK1_P_EGFR,EGFR,Inhibidores/Targets/EGFR,MAPK1_P_EGFR_2
MAPK1 P EGFR,CHEMBL4108159,0.9075066447257996,0.5,0.41,0.2716054491508073,0.0,0.07,COC[C@@H](NC(=O)Nc1cc2[nH]nc(NC3COC3)c2cn1)c1ccccc1,382.42400000000015,2.2778,4.0,6.0,0.0,MAPK1_P_EGFR,EGFR,Inhibidores/Targets/EGFR,MAPK1_P_EGFR_3
MAPK1 P EGFR,CHEMBL3658735,0.9018581509590148,58.97,0.440406976744186,0.6817295910598743,0.0,0.5833333333333333,Cc1cc(-c2n[nH]c3cc(NC(=O)NCc4ccc(-c5ncc[nH]5)cc4)ncc23)ccn1,424.4680000000001,4.040120000000002,4.0,5.0,0.0,MAPK1_P_EGFR,EGFR,Inhibidores/Targets/EGFR,MAPK1_P_EGFR_4
MAPK1 P EGFR,CHEMBL3658675,0.9457969665527344,1.75,0.4633333333333334,0.4371198651746464,0.0,0.0,COC[C@@H](NC(=O)Nc1cc2[nH]nc(-c3ccc(-n4ccnn4)cc3)c2cn1)c1ccc(F)cc1,472.48400000000015,3.853900000000002,3.0,7.0,0.0,MAPK1_P_EGFR,EGFR,Inhibidores/Targets/EGFR,MAPK1_P_EGFR_5
MAPK1 P EGFR,CHEMBL4107463,0.9271413683891296,60.1,0.6,0.6912217732353239,0.0,0.0533333333333333,O=C(Nc1cc2[nH]nc(Nc3ccccc3Cl)c2cn1)N[C@@H]1CCCOc2ccccc21,448.9140000000002,5.390300000000003,4.0,5.0,1.0,MAPK1_P_EGFR,EGFR,Inhibidores/Targets/EGFR,MAPK1_P_EGFR_6
MAPK1 P EGFR,CHEMBL4114457,0.9228949546813964,18.0,0.4575806451612903,0.5816831912803627,0.0,0.08,COC[C@@H](NC(=O)Nc1cc2[nH]nc(Nc3ccc(F)cc3)c2cn1)c1ccccc1,420.44800000000015,4.349800000000002,4.0,5.0,0.0,MAPK1_P_EGFR,EGFR,Inhibidores/Targets/EGFR,MAPK1_P_EGFR_7
MAPK1 P EGFR,CHEMBL3654724,0.9135019183158876,9.337,0.4314285714285714,0.0820286668563974,0.0,0.05,C[C@@H](NC(=O)Nc1cc2[nH]nc(-c3ccc(F)cc3)c2cn1)c1ccc(F)c(Cl)c1,427.8420000000001,5.439200000000002,3.0,3.0,1.0,MAPK1_P_EGFR,EGFR,Inhibidores/Targets/EGFR,MAPK1_P_EGFR_8
MAPK1 P EGFR,CHEMBL3654868,0.928424835205078,5.54,0.3822222222222222,0.233331962655235,0.0,0.13,C[C@@H](NC(=O)Nc1cc2[nH]nc(-c3ccc(-n4ccnn4)cc3)c2cn1)c1ccc(F)cc1,442.4580000000001,4.227400000000002,3.0,6.0,0.0,MAPK1_P_EGFR,EGFR,Inhibidores/Targets/EGFR,MAPK1_P_EGFR_9
MAPK1 P EGFR,CHEMBL3654855,0.9034984707832336,70.29,0.5003474903474904,0.012746974985234,0.0,0.16,CC(CN(C)C)NC(=O)Nc1cc2[nH]nc(-c3ccc(F)cc3)c2cn1,356.4050000000001,2.8356000000000003,3.0,4.0,0.0,MAPK1_P_EGFR,EGFR,Inhibidores/Targets/EGFR,MAPK1_P_EGFR_10
MAPK1 P EGFR,CHEMBL3947725,0.9359922409057616,18.0,0.4613209552388097,0.4829149569916506,0.0,0.085,COCCOc1n[nH]c2cc(NC(=O)NCc3ccc(F)cc3)ncc12,359.36100000000005,2.4439,3.0,5.0,0.0,MAPK1_P_EGFR,EGFR,Inhibidores/Targets/EGFR,MAPK1_P_EGFR_11
MAPK1 P EGFR,CHEMBL4114506,0.9187907576560974,21.5,0.4133333333333333,0.4174438286914644,0.0,0.1533333333333333,COC[C@@H](NC(=O)Nc1cc2[nH]nc(OC3CCNCC3)c2cn1)c1ccccc1,410.4780000000001,2.5979,4.0,6.0,0.0,MAPK1_P_EGFR,EGFR,Inhibidores/Targets/EGFR,MAPK1_P_EGFR_12
MAPK1 P EGFR,CHEMBL4113203,0.9047464728355408,2.6,0.3614285714285714,0.2082718604224,0.0,0.01,C[C@@H](NC(=O)Nc1cc2[nH]nc(NC3CC[S+]([O-])C3)c2cn1)c1ccccc1,398.4920000000001,2.773500000000001,4.0,5.0,0.0,MAPK1_P_EGFR,EGFR,Inhibidores/Targets/EGFR,MAPK1_P_EGFR_13
MAPK1 P EGFR,CHEMBL3663113,0.906099796295166,89.24,0.3974211337583431,0.6435039167450315,0.0,0.17,O=C(NCc1ccc(F)cc1)Nc1cc2[nH]nc(-c3ccc(OC(F)(F)F)cc3)c2cn1,445.37600000000015,4.984300000000002,3.0,4.0,0.0,MAPK1_P_EGFR,EGFR,Inhibidores/Targets/EGFR,MAPK1_P_EGFR_14
MAPK1 P EGFR,CHEMBL3590118,0.9647372364997864,5.4,0.61,0.4344964571325218,0.0,0.155,C=CC(=O)Nc1ccccc1Nc1nc(NC2CCOCC2)ncc1Cl,373.84400000000016,3.5890000000000013,3.0,6.0,0.0,MAPK1_P_EGFR,EGFR,Inhibidores/Targets/EGFR,MAPK1_P_EGFR_15
MAPK1 P EGFR,CHEMBL3912912,0.9378812909126282,1.3,0.42,0.1544511511535004,0.0,0.11,COC[C@@H](NC(=O)Nc1cc2[nH]nc(N[C@H]3CCOC3)c2cn1)c1ccccc1,396.45100000000014,2.6679000000000004,4.0,6.0,0.0,MAPK1_P_EGFR,EGFR,Inhibidores/Targets/EGFR,MAPK1_P_EGFR_16
MAPK1 P EGFR,CHEMBL4115615,0.9307546615600586,211.1,0.4,0.0587324260430811,0.0,0.1433333333333333,C[C@@H](NC(=O)Nc1cc2[nH]nc(OCCC3CCCCN3)c2cn1)c1ccccc1,408.5060000000001,3.7516000000000025,4.0,5.0,0.0,MAPK1_P_EGFR,EGFR,Inhibidores/Targets/EGFR,MAPK1_P_EGFR_17
MAPK1 P EGFR,CHEMBL3654759,0.925110399723053,13.55,0.44,0.1400555901504541,0.0,0.01,C[C@@H](NC(=O)Nc1cc2[nH]nc(C(=O)NCC3CCN(C4CC4)C3)c2cn1)c1ccccc1,447.5430000000002,3.0547000000000004,4.0,5.0,0.0,MAPK1_P_EGFR,EGFR,Inhibidores/Targets/EGFR,MAPK1_P_EGFR_18
MAPK1 P EGFR,CHEMBL3919166,0.926093339920044,10.44,0.4013209552388097,0.6822394753675468,0.0,0.22,COCCOc1n[nH]c2cc(NC(=O)NCc3ccccc3)ncc12,341.37100000000004,2.3048,3.0,5.0,0.0,MAPK1_P_EGFR,EGFR,Inhibidores/Targets/EGFR,MAPK1_P_EGFR_19
MAPK1 P EGFR,CHEMBL3654684,0.9114189743995668,15.15,0.4593258956631049,0.5088155253793296,0.0,0.1,COc1ccc(CNC(=O)Nc2cc3[nH]nc(-c4ccc(F)cc4)c3cn2)cc1OC,421.4320000000001,4.102900000000002,3.0,5.0,0.0,MAPK1_P_EGFR,EGFR,Inhibidores/Targets/EGFR,MAPK1_P_EGFR_20
MAPK1 P EGFR,CHEMBL3934597,0.9378812909126282,1.1,0.42,0.1544511511535004,0.0,0.695,COCC(NC(=O)Nc1cc2[nH]nc(NC3CCOC3)c2cn1)c1ccccc1,396.45100000000014,2.6679000000000004,4.0,6.0,0.0,MAPK1_P_EGFR,EGFR,Inhibidores/Targets/EGFR,MAPK1_P_EGFR_21
MAPK1 P EGFR,CHEMBL4110231,0.9126627445220948,3.6,0.415,0.620385464991452,0.0,0.23,COC[C@@H](NC(=O)Nc1cc2[nH]nc(NCC3CC(C(C)(C)O)C3)c2cn1)c1ccccc1,452.5590000000002,3.6761000000000026,5.0,6.0,0.0,MAPK1_P_EGFR,EGFR,Inhibidores/Targets/EGFR,MAPK1_P_EGFR_22
MAPK1 P EGFR,CHEMBL4109997,0.901289403438568,1.9,0.3333333333333332,0.141198217820937,0.0,0.13,COC[C@@H](NC(=O)Nc1cc2[nH]nc(OC3CCOCC3C)c2cn1)c1ccccc1,425.48900000000015,3.270900000000002,3.0,6.0,0.0,MAPK1_P_EGFR,EGFR,Inhibidores/Targets/EGFR,MAPK1_P_EGFR_23
MAPK1 P EGFR,CHEMBL3662966,0.9081459045410156,3.661,0.490406976744186,0.3792032992069718,0.0,0.795,Cc1cc(-c2n[nH]c3cc(NC(=O)NCc4cnccc4C(F)(F)F)ncc23)ccn1,427.3900000000001,4.0638200000000015,3.0,5.0,0.0,MAPK1_P_EGFR,EGFR,Inhibidores/Targets/EGFR,MAPK1_P_EGFR_24
MAPK1 P EGFR,CHEMBL3654887,0.9012153148651124,1.489,0.48,0.5051593270965782,0.0,0.12,Cc1cc(-c2n[nH]c3cc(NC(=O)N[C@@H]4CCCc5ncccc54)ncc23)ccn1,399.4580000000001,3.9224200000000025,3.0,5.0,0.0,MAPK1_P_EGFR,EGFR,Inhibidores/Targets/EGFR,MAPK1_P_EGFR_25
MAPK1 P EGFR,CHEMBL3590123,0.9299838542938232,13.0,0.55,0.4614058145073995,0.0,0.22,C=CC(=O)Nc1ccccc1Nc1nc(Nc2ccnn2C)ncc1Cl,369.816,3.475200000000001,3.0,7.0,0.0,MAPK1_P_EGFR,EGFR,Inhibidores/Targets/EGFR,MAPK1_P_EGFR_26
MAPK1 P EGFR,CHEMBL4108250,0.9481031894683838,0.4,0.41,0.3010394890142033,0.0,0.3333333333333332,COC[C@@H](NC(=O)Nc1cc2[nH]nc(NC3CCC3)c2cn1)c1ccccc1,380.4520000000001,3.4315000000000024,4.0,5.0,0.0,MAPK1_P_EGFR,EGFR,Inhibidores/Targets/EGFR,MAPK1_P_EGFR_27
MAPK1 P EGFR,CHEMBL3654715,0.91791170835495,0.5861,0.377258064516129,0.3125505530100956,0.0,0.04,Cn1cc2cc(-c3n[nH]c4cc(NC(=O)NCc5ccc(F)c(Cl)c5)ncc34)ccc2n1,449.87700000000007,4.625800000000003,3.0,5.0,0.0,MAPK1_P_EGFR,EGFR,Inhibidores/Targets/EGFR,MAPK1_P_EGFR_28
MAPK1 P EGFR,CHEMBL207544,0.9168753027915956,27200.0,0.18,0.4402102296081787,0.0,0.15,C#Cc1ncc(OC[C@@H](N)Cc2c[nH]c3ccccc23)cc1-c1ccc2cnccc2c1,418.5000000000001,4.708200000000002,2.0,4.0,0.0,MAPK1_P_EGFR,EGFR,Inhibidores/Targets/EGFR,MAPK1_P_EGFR_29
MAPK1 P EGFR,CHEMBL4112683,0.9152284264564514,50.2,0.395,0.1276205177223375,0.0,0.22,C[C@@H](NC(=O)Nc1cc2[nH]nc(NC3CC(N(C)C)C3)c2cn1)c1ccccc1,393.4950000000001,3.345100000000002,4.0,5.0,0.0,MAPK1_P_EGFR,EGFR,Inhibidores/Targets/EGFR,MAPK1_P_EGFR_30
MAPK1 P EGFR,CHEMBL3654875,0.9432982802391052,1258.0,0.4314285714285714,0.1686175755277384,0.0,0.1075,Cc1csc(-c2ccc(-c3n[nH]c4cc(NC(=O)N[C@H](C)c5ccc(F)cc5)ncc34)cn2)n1,473.5370000000001,5.473620000000004,3.0,6.0,1.0,MAPK1_P_EGFR,EGFR,Inhibidores/Targets/EGFR,MAPK1_P_EGFR_31
MAPK1 P EGFR,CHEMBL3663090,0.930831789970398,28.21,0.525,0.5601904355377842,0.0,0.08,Cc1cc(-c2n[nH]c3cc(NC(=O)NC4CCCC(Oc5cccc(F)c5)C4)ncc23)ccn1,460.51300000000015,4.979120000000003,3.0,5.0,0.0,MAPK1_P_EGFR,EGFR,Inhibidores/Targets/EGFR,MAPK1_P_EGFR_32
MAPK1 P EGFR,CHEMBL4113807,0.919671356678009,1.23,0.3609139784946237,0.4054253217259883,0.0,0.05,COC[C@@H](NC(=O)Nc1cc2[nH]nc(OCc3ccccc3)c2cn1)c1ccccc1,417.4690000000001,4.046100000000003,3.0,5.0,0.0,MAPK1_P_EGFR,EGFR,Inhibidores/Targets/EGFR,MAPK1_P_EGFR_33
MAPK1 P EGFR,CHEMBL4106913,0.9564059972763062,0.3,0.4225806451612903,0.3564551476497242,0.0,0.07,COC[C@@H](NC(=O)Nc1cc2[nH]nc(OC3CCOC(C)C3)c2cn1)c1ccccc1,425.48900000000015,3.413400000000002,3.0,6.0,0.0,MAPK1_P_EGFR,EGFR,Inhibidores/Targets/EGFR,MAPK1_P_EGFR_34
MAPK1 P EGFR,CHEMBL3654870,0.9187936782836914,9.85,0.5522222222222222,0.1434877231738687,0.0,0.1716666666666667,C[C@@H](NC(=O)Nc1cc2[nH]nc(-c3ccc(N4CCCCC4)nc3)c2cn1)c1ccc(F)cc1,459.5290000000002,5.032000000000004,3.0,5.0,1.0,MAPK1_P_EGFR,EGFR,Inhibidores/Targets/EGFR,MAPK1_P_EGFR_35
MAPK1 P EGFR,CHEMBL4113761,0.9570928812026978,1.3,0.3909139784946236,0.3887399206747715,0.0,0.02,COC[C@@H](NC(=O)Nc1cc2[nH]nc(OCc3ccccn3)c2cn1)c1ccccc1,418.4570000000001,3.4411000000000023,3.0,6.0,0.0,MAPK1_P_EGFR,EGFR,Inhibidores/Targets/EGFR,MAPK1_P_EGFR_36
MAPK1 P EGFR,CHEMBL4108522,0.9019551277160645,5.8,0.4633333333333334,0.4581661697504824,0.0,0.5808333333333333,C[C@@H](NC(=O)Nc1cc2[nH]nc(N3CCc4scnc4C3)c2cn1)c1ccc(F)cc1,437.5040000000001,3.9989000000000026,3.0,6.0,0.0,MAPK1_P_EGFR,EGFR,Inhibidores/Targets/EGFR,MAPK1_P_EGFR_37
MAPK1 P EGFR,CHEMBL4110681,0.9068785309791564,38.2,0.4214285714285715,0.0578634392295403,0.0,0.04,CC(CC1CCCCN1)Nc1n[nH]c2cc(NC(=O)N[C@H](C)c3ccccc3)ncc12,421.54900000000015,4.173200000000002,5.0,5.0,0.0,MAPK1_P_EGFR,EGFR,Inhibidores/Targets/EGFR,MAPK1_P_EGFR_38
MAPK1 P EGFR,CHEMBL3662961,0.9084116816520692,0.8648,0.49,0.4007917683501849,0.0,0.0,Cc1cc(-c2n[nH]c3cc(NC(=O)NC4CCc5cccnc5C4)ncc23)ccn1,399.45800000000014,3.4023200000000022,3.0,5.0,0.0,MAPK1_P_EGFR,EGFR,Inhibidores/Targets/EGFR,MAPK1_P_EGFR_39
MAPK1 P EGFR,CHEMBL4110284,0.9169715046882628,1.8,0.3809139784946236,0.2269267525055001,0.0,0.02,COC[C@@H](NC(=O)Nc1cc2[nH]nc(OC3CCOC3)c2cn1)c1ccccc1,397.4350000000001,2.634800000000001,3.0,6.0,0.0,MAPK1_P_EGFR,EGFR,Inhibidores/Targets/EGFR,MAPK1_P_EGFR_40
MAPK1 P EGFR,CHEMBL3658689,0.9029383659362792,0.9863,0.6095103167683813,0.7013707351086066,0.0,0.06,CN1CC[C@@H](CNC(=O)Nc2cc3[nH]nc(-c4ccc(F)cc4)c3cn2)C1,368.4160000000001,2.837200000000001,3.0,4.0,0.0,MAPK1_P_EGFR,EGFR,Inhibidores/Targets/EGFR,MAPK1_P_EGFR_41
MAPK1 P EGFR,CHEMBL4112876,0.916150450706482,10.6,0.4409139784946236,0.4467894661381993,0.0,0.02,COC[C@@H](NC(=O)Nc1cc2[nH]nc(OC3CCC(C)(OC)CC3)c2cn1)c1ccccc1,453.5430000000002,4.193600000000004,3.0,6.0,0.0,MAPK1_P_EGFR,EGFR,Inhibidores/Targets/EGFR,MAPK1_P_EGFR_42
MAPK1 P EGFR,CHEMBL4114377,0.9096896648406982,21.5,0.55,0.1058297858861846,0.0,0.215,CNC[C@@H](NC(=O)N1CCc2cnc(Nc3ccc(F)cc3)nc2C1)c1ccc(F)c(Cl)c1,472.9270000000001,4.180200000000003,3.0,5.0,0.0,MAPK1_P_EGFR,EGFR,Inhibidores/Targets/EGFR,MAPK1_P_EGFR_43
MAPK1 P EGFR,CHEMBL3654735,0.9029199481010436,6.107,0.4247619047619047,0.1251396579584363,0.0,0.11,C[C@@H](NC(=O)Nc1cc2[nH]nc(-c3ccc(C#N)cc3)c2cn1)c1cccc(Cl)c1,416.87200000000007,5.032680000000003,3.0,4.0,1.0,MAPK1_P_EGFR,EGFR,Inhibidores/Targets/EGFR,MAPK1_P_EGFR_44
MAPK1 P EGFR,CHEMBL3970924,0.958416759967804,38.47,0.4809139784946237,0.274230850685651,0.0,0.17,COCCOc1n[nH]c2cc(NC(=O)NCCc3ccccn3)ncc12,356.386,1.7422999999999995,3.0,6.0,0.0,MAPK1_P_EGFR,EGFR,Inhibidores/Targets/EGFR,MAPK1_P_EGFR_45
MAPK1 P EGFR,CHEMBL3654678,0.9082237482070924,0.7129,0.3618355481727575,0.5534497570268271,0.0,0.035,Cc1cc(-c2n[nH]c3cc(NC(=O)NCc4cccc(Cl)c4)ncc23)ccn1,392.8500000000001,4.303420000000003,3.0,4.0,0.0,MAPK1_P_EGFR,EGFR,Inhibidores/Targets/EGFR,MAPK1_P_EGFR_46
MAPK1 P EGFR,CHEMBL4112471,0.9229972958564758,0.8,0.44,0.1442782224412857,0.0,0.2033333333333333,COC[C@@H](NC(=O)Nc1cc2[nH]nc(NC3CCOCC3)c2cn1)c1ccccc1,410.4780000000002,3.0580000000000016,4.0,6.0,0.0,MAPK1_P_EGFR,EGFR,Inhibidores/Targets/EGFR,MAPK1_P_EGFR_47
MAPK1 P EGFR,CHEMBL4112785,0.9304469227790833,3.0,0.4026758832565285,0.129152290337436,0.0,0.0,C[C@@H](NC(=O)Nc1cc2[nH]nc(OCc3ccccn3)c2cn1)c1ccc(F)cc1,406.4210000000001,3.953700000000002,3.0,5.0,0.0,MAPK1_P_EGFR,EGFR,Inhibidores/Targets/EGFR,MAPK1_P_EGFR_48
MAPK1 P EGFR,CHEMBL3940121,0.9021701216697692,0.7,0.39,0.3901326374185033,0.0,0.16,COCC(NC(=O)Nc1cc2[nH]nc(NCC3CCC3)c2cn1)c1ccccc1,394.47900000000016,3.679100000000002,4.0,5.0,0.0,MAPK1_P_EGFR,EGFR,Inhibidores/Targets/EGFR,MAPK1_P_EGFR_49
MAPK1 P EGFR,CHEMBL3663097,0.9716956615447998,2.265,0.667258064516129,0.1654368037843581,0.0,0.0733333333333333,COc1cccc(F)c1CN1CCC[C@@H](NC(=O)Nc2cc3[nH]nc(-c4ccc(C#N)cc4)c3cn2)C1,499.5500000000002,4.430380000000002,3.0,6.0,0.0,MAPK1_P_EGFR,EGFR,Inhibidores/Targets/EGFR,MAPK1_P_EGFR_50
MAPK1 P EGFR,CHEMBL3950485,0.9485237002372742,5.03,0.5633333333333334,0.3655178455168913,0.0,0.11,COCCOc1n[nH]c2cc(NC(=O)NCc3ccc(Cl)c(Cl)c3)ncc12,410.2610000000001,3.611600000000001,3.0,5.0,0.0,MAPK1_P_EGFR,EGFR,Inhibidores/Targets/EGFR,MAPK1_P_EGFR_51
MAPK1 P EGFR,CHEMBL3911224,0.9080426692962646,1.1,0.4409139784946236,0.1315711720345261,0.0,0.09,COCCOc1n[nH]c2cc(NC(=O)N[C@@H](c3ccc(Cl)cc3)C(C)(C)O)ncc12,433.8960000000002,3.2702000000000018,4.0,6.0,0.0,MAPK1_P_EGFR,EGFR,Inhibidores/Targets/EGFR,MAPK1_P_EGFR_52
MAPK1 P EGFR,CHEMBL3658754,0.9037580490112304,2.757,0.4218355481727575,0.5801278398492221,0.0,0.03,Cc1cc(-c2n[nH]c3cc(NC(=O)NCc4nccc5ccccc45)ncc23)ccn1,409.45300000000015,4.198220000000002,3.0,5.0,0.0,MAPK1_P_EGFR,EGFR,Inhibidores/Targets/EGFR,MAPK1_P_EGFR_53
MAPK1 P EGFR,CHEMBL3895154,0.9080426692962646,0.8,0.4409139784946236,0.1315711720345261,0.0,0.02,COCCOc1n[nH]c2cc(NC(=O)NC(c3ccc(Cl)cc3)C(C)(C)O)ncc12,433.8960000000002,3.2702000000000018,4.0,6.0,0.0,MAPK1_P_EGFR,EGFR,Inhibidores/Targets/EGFR,MAPK1_P_EGFR_54
MAPK1 P EGFR,CHEMBL4113415,0.928659737110138,4.1,0.3909139784946236,0.316164581158481,0.0,0.35,COC[C@@H](NC(=O)Nc1cc2[nH]nc(OC3CCC(C#N)CC3)c2cn1)c1ccccc1,434.50000000000017,3.928280000000002,3.0,6.0,0.0,MAPK1_P_EGFR,EGFR,Inhibidores/Targets/EGFR,MAPK1_P_EGFR_55
MAPK1 P EGFR,CHEMBL4111343,0.902174174785614,5.9,0.4,0.2056087813273672,0.0,0.1383333333333333,C[C@@H](NC(=O)Nc1cc2[nH]nc(NC(=O)C3CCCCC3)c2cn1)c1ccccc1,406.4900000000002,4.359400000000004,4.0,4.0,0.0,MAPK1_P_EGFR,EGFR,Inhibidores/Targets/EGFR,MAPK1_P_EGFR_56
MAPK1 P EGFR,CHEMBL3663076,0.939780294895172,36.43,0.625,0.3409559092949746,0.0,0.04,Cc1cc(-c2n[nH]c3cc(NC(=O)NC4CCCC(Oc5ccc(Cl)c(F)c5)C4)ncc23)ccn1,494.95800000000014,5.632520000000005,3.0,5.0,1.0,MAPK1_P_EGFR,EGFR,Inhibidores/Targets/EGFR,MAPK1_P_EGFR_57
MAPK1 P EGFR,CHEMBL3976361,0.9488298296928406,26.42,0.4513209552388097,0.4540842752720014,0.0,0.1,COCCOc1n[nH]c2cc(NC(=O)NCc3ccc(Cl)cc3)ncc12,375.816,2.958200000000001,3.0,5.0,0.0,MAPK1_P_EGFR,EGFR,Inhibidores/Targets/EGFR,MAPK1_P_EGFR_58
MAPK1 P EGFR,CHEMBL4111101,0.9308845400810242,30.2,0.33,0.3081952225045795,0.0,0.01,C[C@@H](NC(=O)Nc1cc2[nH]nc(NC3CCCNC3)c2cn1)c1ccccc1,379.4680000000001,3.004500000000001,5.0,5.0,0.0,MAPK1_P_EGFR,EGFR,Inhibidores/Targets/EGFR,MAPK1_P_EGFR_59
MAPK1 P EGFR,CHEMBL4113059,0.9423282146453856,1.0,0.42,0.3221445127248997,0.0,0.195,COC[C@@H](NC(=O)Nc1cc2[nH]nc(NC3CC3)c2cn1)c1ccccc1,366.42500000000007,3.041400000000001,4.0,5.0,0.0,MAPK1_P_EGFR,EGFR,Inhibidores/Targets/EGFR,MAPK1_P_EGFR_60
MAPK1 P EGFR,CHEMBL3663013,0.9297841191291808,0.516,0.4214285714285715,0.1389747069254445,0.0,0.185,C[C@@H](NC(=O)Nc1cc2[nH]nc(-c3ccc(F)cc3)c2cn1)C1CCCCC1,381.4550000000002,4.854300000000003,3.0,3.0,0.0,MAPK1_P_EGFR,EGFR,Inhibidores/Targets/EGFR,MAPK1_P_EGFR_61
MAPK1 P EGFR,CHEMBL4114314,0.9080902934074402,12.0,0.3664285714285714,0.3548855503544062,0.0,0.0233333333333333,C[C@@H](NC(=O)Nc1cc2[nH]nc(NC3CC(N)C3)c2cn1)c1ccccc1,365.441,2.7422000000000004,5.0,5.0,0.0,MAPK1_P_EGFR,EGFR,Inhibidores/Targets/EGFR,MAPK1_P_EGFR_62
MAPK1 P EGFR,CHEMBL3663096,0.9483206272125244,2.201,0.647258064516129,0.2022966863809358,0.0,0.01,COc1cccc(F)c1CN1CCC[C@@H](NC(=O)Nc2cc3[nH]nc(-c4ccc(F)cc4)c3cn2)C1,492.53000000000014,4.697800000000003,3.0,5.0,0.0,MAPK1_P_EGFR,EGFR,Inhibidores/Targets/EGFR,MAPK1_P_EGFR_63
MAPK1 P EGFR,CHEMBL4107755,0.901252806186676,5.27,0.4309139784946236,0.1180882328893963,0.0,0.37,COCCOc1n[nH]c2cc(NC(=O)N[C@H](C)c3ccc(Cl)cc3)ncc12,389.8430000000001,3.5192000000000023,3.0,5.0,0.0,MAPK1_P_EGFR,EGFR,Inhibidores/Targets/EGFR,MAPK1_P_EGFR_64
MAPK1 P EGFR,CHEMBL4106701,0.9391534328460692,31.2,0.37,0.0492215848434501,0.0,0.4733333333333333,C[C@@H](NC(=O)Nc1cc2[nH]nc(NC3CCC(N(C)C)CC3)c2cn1)c1ccccc1,421.5490000000002,4.125300000000003,4.0,5.0,0.0,MAPK1_P_EGFR,EGFR,Inhibidores/Targets/EGFR,MAPK1_P_EGFR_65
MAPK1 P EGFR,CHEMBL3658746,0.9313189387321472,6.259,0.49,0.4827249863097303,1.0,0.2,Cc1cc(-c2n[nH]c3cc(NC(=O)NCCc4nc5ccccc5n4C)ncc23)ccn1,426.4840000000001,3.579220000000002,3.0,6.0,0.0,MAPK1_P_EGFR,EGFR,Inhibidores/Targets/EGFR,MAPK1_P_EGFR_66
MAPK1 P EGFR,CHEMBL4113115,0.916974663734436,6.8,0.34,0.1275348386464866,0.0,0.2783333333333334,C[C@@H](NC(=O)Nc1cc2[nH]nc(NC3CCCCC3)c2cn1)c1ccccc1,378.4800000000001,4.585200000000003,4.0,4.0,0.0,MAPK1_P_EGFR,EGFR,Inhibidores/Targets/EGFR,MAPK1_P_EGFR_67
MAPK1 P EGFR,CHEMBL3658774,0.9158231019973756,2.646,0.48,0.4813102533519829,0.0,0.2,Cc1cc(-c2n[nH]c3cc(NC(=O)NCC4CCN(Cc5ccccc5)C4)ncc23)ccn1,441.53900000000016,3.971920000000003,3.0,5.0,0.0,MAPK1_P_EGFR,EGFR,Inhibidores/Targets/EGFR,MAPK1_P_EGFR_68
MAPK1 P EGFR,CHEMBL3658764,0.9090643525123596,5.418,0.44,0.5106440575236645,0.0,0.12,Cc1cc(-c2n[nH]c3cc(NC(=O)NC4CCc5ccncc5C4)ncc23)ccn1,399.45800000000014,3.4023200000000022,3.0,5.0,0.0,MAPK1_P_EGFR,EGFR,Inhibidores/Targets/EGFR,MAPK1_P_EGFR_69
MAPK1 P EGFR,CHEMBL3663115,0.901662290096283,3.671,0.3907544670916764,0.4811273969189864,0.0,0.04,COc1ccc(-c2n[nH]c3cc(NC(=O)NCc4ccc(F)cc4)ncc23)cc1,391.40600000000006,4.094300000000001,3.0,4.0,0.0,MAPK1_P_EGFR,EGFR,Inhibidores/Targets/EGFR,MAPK1_P_EGFR_70
MAPK1 P EGFR,CHEMBL3658670,0.9046304225921632,3.114,0.4109139784946237,0.3061069676582486,0.0,0.6,COC[C@@H](NC(=O)Nc1cc2[nH]nc(-c3cncc(OC)c3)c2cn1)c1ccc(F)cc1,436.4470000000002,3.676800000000002,3.0,6.0,0.0,MAPK1_P_EGFR,EGFR,Inhibidores/Targets/EGFR,MAPK1_P_EGFR_71
MAPK1 P EGFR,CHEMBL3753412,0.9170750975608826,47000.0,0.48,0.5943768658943632,0.0,0.265,NC1=Nc2nc3cc4c(cc3n2C(c2ccc(OCc3cn5ccccc5n3)cc2)N1)OCCCO4,481.51600000000025,3.520600000000001,2.0,10.0,0.0,MAPK1_P_EGFR,EGFR,Inhibidores/Targets/EGFR,MAPK1_P_EGFR_72
MAPK1 P EGFR,CHEMBL3658739,0.9128403663635254,12.75,0.3838888888888888,0.1533261053087416,0.0,0.385,Cc1cc(-c2n[nH]c3cc(NC(=O)NC(C)c4ccc(-n5cncn5)cc4)ncc23)ccn1,439.4830000000001,3.7917200000000015,3.0,7.0,0.0,MAPK1_P_EGFR,EGFR,Inhibidores/Targets/EGFR,MAPK1_P_EGFR_73
MAPK1 P EGFR,CHEMBL3662996,0.9228317737579346,305.8,0.4322522522522522,0.4014403812237673,0.0,0.01,COC[C@H](NC(=O)Nc1cc2[nH]nc(-c3ccc(F)cc3)c2cn1)c1ccccc1,405.4330000000001,4.273200000000003,3.0,4.0,0.0,MAPK1_P_EGFR,EGFR,Inhibidores/Targets/EGFR,MAPK1_P_EGFR_74
MAPK1 P EGFR,CHEMBL5183609,0.9056329727172852,10.0,0.65,0.7929068542232033,0.0,0.24,C=CC(=O)Nc1cc(C)ccc1Nc1nc(Nc2cc(OC)ncc2C)ncc1C(F)(F)F,458.4440000000002,5.127540000000002,3.0,7.0,1.0,MAPK1_P_EGFR,EGFR,Inhibidores/Targets/EGFR,MAPK1_P_EGFR_75
MAPK1 P EGFR,CHEMBL4112586,0.9743376970291138,1.53,0.6872580645161289,0.1540663506036134,0.0,0.02,COCCOc1n[nH]c2cc(NC(=O)N[C@@H]3CCCN(Cc4c(F)cccc4OC)C3)ncc12,472.5210000000003,2.916900000000001,3.0,7.0,0.0,MAPK1_P_EGFR,EGFR,Inhibidores/Targets/EGFR,MAPK1_P_EGFR_76
MAPK1 P EGFR,CHEMBL3654794,0.9265241622924804,3.646,0.4709139784946237,0.340081620743595,0.0,0.44,COC[C@@H](NC(=O)Nc1cc2[nH]nc(C3CC3(F)F)c2cn1)c1ccc(F)cc1,405.3800000000001,3.7288000000000014,3.0,4.0,0.0,MAPK1_P_EGFR,EGFR,Inhibidores/Targets/EGFR,MAPK1_P_EGFR_77
MAPK1 P EGFR,CHEMBL3663091,0.9411284923553468,1.062,0.69,0.1949745175775664,0.0,0.04,COc1cccc(F)c1CN1CCC[C@@H](NC(=O)Nc2cc3[nH]nc(-c4ccnc(F)c4)c3cn2)C1,493.51800000000014,4.092800000000001,3.0,6.0,0.0,MAPK1_P_EGFR,EGFR,Inhibidores/Targets/EGFR,MAPK1_P_EGFR_78
MAPK1 P EGFR,CHEMBL3658690,0.9029383659362792,1.174,0.6095103167683813,0.7013707351086066,0.0,0.22,CN1CC[C@H](CNC(=O)Nc2cc3[nH]nc(-c4ccc(F)cc4)c3cn2)C1,368.4160000000001,2.837200000000001,3.0,4.0,0.0,MAPK1_P_EGFR,EGFR,Inhibidores/Targets/EGFR,MAPK1_P_EGFR_79
MAPK1 P EGFR,CHEMBL3590124,0.9801693558692932,85.0,0.56,0.2519821737923319,0.0,0.17,C=CC(=O)Nc1ccccc1Nc1nc(N[C@H]2CC[C@H](N(C)C)CC2)ncc1Cl,414.94100000000014,4.282800000000004,3.0,6.0,0.0,MAPK1_P_EGFR,EGFR,Inhibidores/Targets/EGFR,MAPK1_P_EGFR_80
MAPK1 P EGFR,CHEMBL3658633,0.9111515879631042,1.801,0.48,0.5012610744511571,0.0,0.0,Cc1cc(-c2n[nH]c3cc(NC(=O)N[C@@H]4CCCc5ccncc54)ncc23)ccn1,399.4580000000001,3.9224200000000025,3.0,5.0,0.0,MAPK1_P_EGFR,EGFR,Inhibidores/Targets/EGFR,MAPK1_P_EGFR_81
MAPK1 P EGFR,CHEMBL3663030,0.9022711515426636,2453.0,0.49,0.255808370870236,0.0,0.05,Cc1cc(-c2n[nH]c3cc(NC(=O)N(C)C4CCCCC4)ncc23)ccn1,364.45300000000015,4.124720000000004,2.0,4.0,0.0,MAPK1_P_EGFR,EGFR,Inhibidores/Targets/EGFR,MAPK1_P_EGFR_82
MAPK1 P EGFR,CHEMBL3658757,0.9468330144882202,13.84,0.640406976744186,0.7316234871801626,0.0,0.065,Cc1cc(-c2n[nH]c3cc(NC(=O)NCc4cn5cccc(C)c5n4)ncc23)ccn1,412.45700000000016,3.6061400000000017,3.0,6.0,0.0,MAPK1_P_EGFR,EGFR,Inhibidores/Targets/EGFR,MAPK1_P_EGFR_83
MAPK1 P EGFR,CHEMBL4106995,0.9476658701896667,62.3,0.44,0.5741845200393125,0.0,0.17,COC[C@@H](NC(=O)Nc1cc2[nH]nc(Nc3ccccc3)c2cn1)c1ccc(F)cc1,420.44800000000015,4.349800000000002,4.0,5.0,0.0,MAPK1_P_EGFR,EGFR,Inhibidores/Targets/EGFR,MAPK1_P_EGFR_84
MAPK1 P EGFR,CHEMBL4114934,0.9378812909126282,0.8,0.42,0.1544511511535004,0.0,0.115,COC[C@@H](NC(=O)Nc1cc2[nH]nc(N[C@@H]3CCOC3)c2cn1)c1ccccc1,396.45100000000014,2.6679000000000004,4.0,6.0,0.0,MAPK1_P_EGFR,EGFR,Inhibidores/Targets/EGFR,MAPK1_P_EGFR_85
MAPK1 P EGFR,CHEMBL4109669,0.9080426692962646,119.1,0.4409139784946236,0.1315711720345261,0.0,0.18,COCCOc1n[nH]c2cc(NC(=O)N[C@H](c3ccc(Cl)cc3)C(C)(C)O)ncc12,433.8960000000002,3.2702000000000018,4.0,6.0,0.0,MAPK1_P_EGFR,EGFR,Inhibidores/Targets/EGFR,MAPK1_P_EGFR_86
MAPK1 P EGFR,CHEMBL3654798,0.9213145971298218,0.7146,0.3983333333333332,0.5334144864914415,0.0,0.09,CCNC(=O)[C@H]1CC1c1n[nH]c2cc(NC(=O)N[C@H](COC)c3ccccc3)ncc12,422.48900000000015,2.7067000000000005,4.0,5.0,0.0,MAPK1_P_EGFR,EGFR,Inhibidores/Targets/EGFR,MAPK1_P_EGFR_87
MAPK1 P EGFR,CHEMBL3590121,0.9477618336677552,8.5,0.5975806451612903,0.3666620627238517,0.0,0.07,C=CC(=O)Nc1ccccc1Nc1nc(NC2CCOCC2)ncc1C(F)(F)F,407.3960000000001,3.9544000000000015,3.0,6.0,0.0,MAPK1_P_EGFR,EGFR,Inhibidores/Targets/EGFR,MAPK1_P_EGFR_88
SRC P EGFR,CHEMBL939,0.992194414138794,0.1566489934921264,1100.0,0.2280281086029913,0.0,0.0,COc1cc2ncnc(Nc3ccc(F)c(Cl)c3)c2cc1OCCCN1CCOCC1,446.9100000000004,4.275600000000003,1.0,7.0,0.0,SRC_P_EGFR,EGFR,Inhibidores/Targets/EGFR,SRC_P_EGFR_89
SRC P EGFR,CHEMBL3975634,0.939259111881256,0.4068613052368164,4.01,0.601273643325842,0.0,0.0633333333333333,CN[C@H]1CC2OC([C@H]1OC)n1c3ccccc3c3c4c(c5c6ccccc6n2c5c31)C(O)=NC4,452.5140000000002,4.754700000000003,2.0,6.0,0.0,SRC_P_EGFR,EGFR,Inhibidores/Targets/EGFR,SRC_P_EGFR_90
SRC P EGFR,CHEMBL127633,0.9149711728096008,0.064574234187603,4.7,0.5070488335743176,0.0,0.03,COCCOc1cc2ncc(C#N)c(Nc3ccc(Cl)cc3Cl)c2cc1OC,418.28000000000014,5.190680000000003,1.0,6.0,1.0,SRC_P_EGFR,EGFR,Inhibidores/Targets/EGFR,SRC_P_EGFR_91
SRC P EGFR,CHEMBL475584,0.9028959274291992,0.3640004098415375,19.95,0.1276348433573749,0.0,0.01,COc1cccc(-c2cn(-c3ccc(CCN4CCC(O)CC4)cc3)c3ncnc(N)c23)c1,443.55100000000016,3.677500000000002,2.0,7.0,0.0,SRC_P_EGFR,EGFR,Inhibidores/Targets/EGFR,SRC_P_EGFR_92
SRC P EGFR,CHEMBL473557,0.9597578048706056,0.0845985040068626,700.0,0.641784728227207,0.0,0.27,Fc1cc(-c2nc3ccccc3s2)ccc1Nc1ncnc2cc(Cl)ccc12,406.8730000000001,6.442600000000002,1.0,5.0,1.0,SRC_P_EGFR,EGFR,Inhibidores/Targets/EGFR,SRC_P_EGFR_93
SRC P EGFR,CHEMBL3357634,0.9873323440551758,0.4387590289115906,1731.0,0.2820008090215977,0.0,0.0,COc1cc2ncnc(Nc3ccc(F)c(Cl)c3)c2cc1NC(=O)/C(F)=C/CN(C)C,447.8730000000002,4.528000000000004,2.0,6.0,0.0,SRC_P_EGFR,EGFR,Inhibidores/Targets/EGFR,SRC_P_EGFR_94
SRC P EGFR,CHEMBL3648066,0.9143944978713988,0.1912498325109481,13.1,0.0887833586214547,0.0,0.07,Cc1cccc(C)c1-c1cc(C)c2nc(Nc3cccc(C(=O)NCCCN(C)C)c3)nnc2c1,468.6050000000003,5.042160000000004,2.0,6.0,1.0,SRC_P_EGFR,EGFR,Inhibidores/Targets/EGFR,SRC_P_EGFR_95
SRC P EGFR,CHEMBL120979,0.9689106345176696,0.1995329707860946,7800.0,0.7312570484363885,0.0,0.52,COc1cccc(Nc2[nH]nc3ncnc(Nc4cccc(Cl)c4)c23)c1,366.81200000000007,4.502100000000002,3.0,6.0,0.0,SRC_P_EGFR,EGFR,Inhibidores/Targets/EGFR,SRC_P_EGFR_96
SRC P EGFR,CHEMBL3651228,0.974310040473938,0.3783928751945495,4.8,0.0810076904508022,0.0,0.6241666666666668,Cc1cc(-c2cc(O)ccc2Cl)cc2nnc(Nc3cccc(C(=O)NCCN(C)C)c3)nc12,476.96800000000025,4.394220000000003,3.0,7.0,0.0,SRC_P_EGFR,EGFR,Inhibidores/Targets/EGFR,SRC_P_EGFR_97
SRC P EGFR,CHEMBL170984,0.9286989569664,0.0324999503791332,5.0,0.4128590814875316,0.0,0.01,COc1cc2c(Nc3c(Cl)ccc4c3OCO4)ncnc2cc1OCC1CCN(C)CC1,456.9300000000003,4.484700000000004,1.0,8.0,0.0,SRC_P_EGFR,EGFR,Inhibidores/Targets/EGFR,SRC_P_EGFR_98
SRC P EGFR,CHEMBL353070,0.990114688873291,0.1172822415828704,20.0,0.1563337829410253,0.0,0.02,COc1cc2c(Nc3cccc4c(Cl)c[nH]c34)ncnc2cc1OCCCN1CCOCC1,467.9570000000005,4.617800000000004,2.0,7.0,0.0,SRC_P_EGFR,EGFR,Inhibidores/Targets/EGFR,SRC_P_EGFR_99
SRC P EGFR,CHEMBL3604937,0.924454152584076,0.8308689594268799,17.0,0.6746872701803657,0.0,0.04,C=CC(=O)Nc1cccc(Oc2nc(Nc3n[nH]c4ccccc34)cc(N3CCN(C)CC3)n2)c1,470.53700000000026,3.765100000000002,3.0,8.0,0.0,SRC_P_EGFR,EGFR,Inhibidores/Targets/EGFR,SRC_P_EGFR_100
SRC P EGFR,CHEMBL3651245,0.912193775177002,0.364145278930664,1450.0,0.0535340082720464,0.0,0.245,Cc1cc(-c2cc(O)ccc2Cl)cc2nnc(NCCCCN3CCCC3)nc12,411.9370000000004,4.647120000000004,2.0,6.0,0.0,SRC_P_EGFR,EGFR,Inhibidores/Targets/EGFR,SRC_P_EGFR_101
SRC P EGFR,CHEMBL1087650,0.9750800132751464,0.2761246562004089,675.0,0.4797804676409593,0.0,0.02,CN1C[C@@H]2C[C@H]1CN2c1ccc(-c2ccnc3c(-c4cccc(O)c4)c(-c4ccncc4)nn23)cc1,474.56800000000015,4.723600000000005,1.0,7.0,0.0,SRC_P_EGFR,EGFR,Inhibidores/Targets/EGFR,SRC_P_EGFR_102
SRC P EGFR,CHEMBL169473,0.9404537081718444,0.0224982071667909,253.0,0.7606807358818042,0.0,0.06,COc1cccc(Nc2ncnc3cc(OC)c(OC)cc23)c1,311.34100000000007,3.3992000000000013,1.0,6.0,0.0,SRC_P_EGFR,EGFR,Inhibidores/Targets/EGFR,SRC_P_EGFR_103
SRC P EGFR,CHEMBL2419761,0.9370614290237428,0.0535760670900344,642.0,0.6720158313830581,0.0,0.635,Cl.c1ccc(-c2cccc(Nc3ncnc4cc5c(cc34)OCCO5)c2)cc1,391.8580000000002,5.233400000000002,1.0,5.0,1.0,SRC_P_EGFR,EGFR,Inhibidores/Targets/EGFR,SRC_P_EGFR_104
SRC P EGFR,CHEMBL171373,0.9650608897209167,0.109212577342987,433.0,0.3476309384542933,0.0,0.24,COc1cc2c(Nc3cccc4c3OCC4)ncnc2cc1OCCCN1CCOCC1,436.5120000000004,3.418000000000002,1.0,8.0,0.0,SRC_P_EGFR,EGFR,Inhibidores/Targets/EGFR,SRC_P_EGFR_105
SRC P EGFR,CHEMBL1765556,0.9128432869911194,0.3503925204277038,246.0,0.1058343242068406,0.0,0.065,Cc1cc(NCCN(C)C)nc2sc(C(=O)N/N=C/c3cccn3C)c(N)c12,399.52400000000017,2.26282,3.0,8.0,0.0,SRC_P_EGFR,EGFR,Inhibidores/Targets/EGFR,SRC_P_EGFR_106
SRC P EGFR,CHEMBL214329,0.9498915076255798,0.0087672984227538,710.0,0.5251215118553505,0.0,0.61,CN1CCN(c2ccc(Nc3ncc4ccn(C5CCCCC5)c4n3)cc2)CC1,390.53500000000025,4.431900000000004,1.0,6.0,0.0,SRC_P_EGFR,EGFR,Inhibidores/Targets/EGFR,SRC_P_EGFR_107
SRC P EGFR,CHEMBL169231,0.9706135988235474,0.0313854366540908,260.0,0.1501004286046286,0.0,0.0433333333333333,COc1cc2c(Nc3cccc4cc[nH]c34)ncnc2cc1OCCCN1CCOCC1,433.51200000000046,3.964400000000002,2.0,7.0,0.0,SRC_P_EGFR,EGFR,Inhibidores/Targets/EGFR,SRC_P_EGFR_108
SRC P EGFR,CHEMBL55394,0.9616360068321228,0.3303176164627075,68000.0,0.0402225949692004,0.0,0.03,Cn1cc(C2=C(c3cn(C4CCN(CC5CC5)CC4)c4ccccc34)C(=O)NC2=O)c2ccccc21,478.5960000000001,4.747100000000004,1.0,5.0,0.0,SRC_P_EGFR,EGFR,Inhibidores/Targets/EGFR,SRC_P_EGFR_109
SRC P EGFR,CHEMBL171003,0.9577475786209106,0.0748802125453949,177.0,0.3366237640132163,0.0,0.115,COc1cc2c(Nc3cccc4[nH]ccc34)ncnc2cc1OCCCN1CCOCC1,433.51200000000046,3.964400000000002,2.0,7.0,0.0,SRC_P_EGFR,EGFR,Inhibidores/Targets/EGFR,SRC_P_EGFR_110
SRC P EGFR,CHEMBL3651276,0.9736154079437256,0.3648591637611389,3.4,0.1997139006841318,0.0,0.0233333333333333,Cc1cc(-c2cc(O)ccc2Cl)cc2nnc(Nc3cccc(SCCN4CCCC4)c3)nc12,492.04800000000034,6.290720000000004,2.0,7.0,1.0,SRC_P_EGFR,EGFR,Inhibidores/Targets/EGFR,SRC_P_EGFR_111
SRC P EGFR,CHEMBL4436086,0.9362901449203492,0.089449904859066,897.0,0.9219860519031632,0.0,0.06,Oc1cccc(Nc2nc(/C=C/c3cc4c(cc3Br)OCO4)nc3ccccc23)c1,462.30300000000017,5.740600000000002,2.0,6.0,1.0,SRC_P_EGFR,EGFR,Inhibidores/Targets/EGFR,SRC_P_EGFR_112
SRC P EGFR,CHEMBL1796186,0.9187751412391664,0.3595289885997772,22000.0,0.1068527162402059,0.0,0.215,Cc1nc(-c2ccc(C(=O)NNC(=O)C(=O)c3c[nH]c4ccccc34)cc2)no1,389.371,2.1702200000000005,3.0,6.0,0.0,SRC_P_EGFR,EGFR,Inhibidores/Targets/EGFR,SRC_P_EGFR_113
SRC P EGFR,CHEMBL104322,0.9010741114616394,0.6070570349693298,42.0,0.0537092320388525,0.0,0.37,CCN(CC)CCCCNc1cc2nc(O)c(-c3c(Cl)cccc3Cl)cc2cn1,433.38300000000015,5.843100000000005,2.0,5.0,1.0,SRC_P_EGFR,EGFR,Inhibidores/Targets/EGFR,SRC_P_EGFR_114
SRC P EGFR,CHEMBL5278149,0.903290331363678,0.3400652110576629,1710.0,0.8714112573589085,0.0,0.24,C=CC(=O)N1CCC[C@H](n2nc(-c3c(C)cc(Oc4ccccc4)cc3C)c3c(N)ncnc32)C1,468.5610000000002,4.834140000000003,1.0,7.0,0.0,SRC_P_EGFR,EGFR,Inhibidores/Targets/EGFR,SRC_P_EGFR_115
SRC P EGFR,CHEMBL333231,0.9685366749763488,0.1666692346334457,2090.0,0.7894162077070778,0.0,0.02,Clc1cccc(CNc2[nH]nc3ncnc(Nc4cccc(Cl)c4)c23)c1,385.2580000000001,5.015400000000001,3.0,5.0,1.0,SRC_P_EGFR,EGFR,Inhibidores/Targets/EGFR,SRC_P_EGFR_116
SRC P EGFR,CHEMBL1765563,0.9346852898597716,0.1073088720440864,3870.0,0.053996367513859,0.0,0.09,CN(C)CCNc1nc2sc(C(=O)N/N=C/c3cccn3C)c(N)c2cc1Cc1ccccc1,475.6220000000002,3.545200000000001,3.0,8.0,0.0,SRC_P_EGFR,EGFR,Inhibidores/Targets/EGFR,SRC_P_EGFR_117
SRC P EGFR,CHEMBL3648064,0.9179064035415648,0.2408876866102218,18.3,0.3489225218969146,0.0,0.5066666666666666,Cc1cccc(C)c1-c1cc(C)c2nc(Nc3cccc(C(=O)NC4CCNC4)c3)nnc2c1,452.5620000000002,4.452360000000002,3.0,6.0,0.0,SRC_P_EGFR,EGFR,Inhibidores/Targets/EGFR,SRC_P_EGFR_118
SRC P EGFR,CHEMBL5182427,0.9001097679138184,0.350780576467514,1340.0,0.3576827593672242,0.0,0.335,O=C(OCCN1CCCCC1)c1cc2ccccc2n1Cc1ccccc1,362.4730000000001,4.332300000000004,0.0,4.0,0.0,SRC_P_EGFR,EGFR,Inhibidores/Targets/EGFR,SRC_P_EGFR_119
SRC P EGFR,CHEMBL118904,0.9306671619415284,0.300973117351532,9800.0,0.3548547304453889,0.0,0.11,O=[N+]([O-])c1cccc(-c2[nH]nc3ncnc(Nc4cccc(Cl)c4)c23)c1,366.7680000000001,4.325100000000002,2.0,6.0,0.0,SRC_P_EGFR,EGFR,Inhibidores/Targets/EGFR,SRC_P_EGFR_120
SRC P EGFR,CHEMBL2042135,0.906944215297699,0.6433877348899841,840.0,0.0132351316852195,0.0,0.13,C[C@H](/C=C\C(F)(F)F)Oc1cc(-c2cc(-c3cc(CN(C)C)cs3)cnc2N)ccc1C(N)=O,490.5510000000003,5.105600000000005,2.0,6.0,1.0,SRC_P_EGFR,EGFR,Inhibidores/Targets/EGFR,SRC_P_EGFR_121
SRC P EGFR,CHEMBL197538,0.902184784412384,0.4450759887695312,40000.0,0.055344726063364,0.0,0.05,N#Cc1cnc2cnc(NCCN3CCOCC3)cc2c1Nc1ccc(F)c(Cl)c1,426.883,3.7816800000000015,2.0,7.0,0.0,SRC_P_EGFR,EGFR,Inhibidores/Targets/EGFR,SRC_P_EGFR_122
SRC P EGFR,CHEMBL3109738,0.9879066348075868,0.1823624074459076,11.0,0.1558488681468408,0.0,0.05,COc1cc2ncnc3c2cc1OCCCCCN(C)Cc1ccc(Br)cc1N3,457.37200000000007,5.139000000000005,1.0,6.0,1.0,SRC_P_EGFR,EGFR,Inhibidores/Targets/EGFR,SRC_P_EGFR_123
SRC P EGFR,CHEMBL167890,0.9700183272361756,0.0453745312988758,28.0,0.1259688077073653,0.0,0.01,COc1cc2c(Nc3c(F)ccc4c3OCO4)ncnc2cc1OCCCN1CCOCC1,456.4740000000004,3.350900000000001,1.0,9.0,0.0,SRC_P_EGFR,EGFR,Inhibidores/Targets/EGFR,SRC_P_EGFR_124
SRC P EGFR,CHEMBL355102,0.9292690753936768,0.0623796395957469,963.0,0.1490088885628854,0.0,0.01,CCOc1ccc(Cl)c(Nc2ncnc3cc(OCCCN4CCOCC4)c(OC)cc23)c1,472.97300000000047,4.535200000000004,1.0,8.0,0.0,SRC_P_EGFR,EGFR,Inhibidores/Targets/EGFR,SRC_P_EGFR_125
SRC P EGFR,CHEMBL4755698,0.9586220979690552,0.3155880868434906,1000.9,0.3994618246350355,0.0,0.1,C=CC(=O)N1CCC(Cn2cc(-c3ccc4c(c3)OCO4)c3c(N)ncnc32)CC1,405.45800000000025,2.833800000000001,1.0,7.0,0.0,SRC_P_EGFR,EGFR,Inhibidores/Targets/EGFR,SRC_P_EGFR_126
SRC P EGFR,CHEMBL168885,0.9501968026161194,0.0955693051218986,270.0,0.2161577972029853,0.0,0.0,COc1cc2c(Nc3cccc4c3OC(F)(F)O4)ncnc2cc1OCCCN1CCOCC1,474.4640000000004,3.8046000000000015,1.0,9.0,0.0,SRC_P_EGFR,EGFR,Inhibidores/Targets/EGFR,SRC_P_EGFR_127
SRC P EGFR,CHEMBL171125,0.9474472403526306,0.0263893976807594,14.0,0.264974880840564,0.0,0.34,COc1cc2c(Nc3cccc4c3OCO4)ncnc2cc1OCCCN1CCOCC1,438.4840000000004,3.211800000000001,1.0,9.0,0.0,SRC_P_EGFR,EGFR,Inhibidores/Targets/EGFR,SRC_P_EGFR_128
SRC P EGFR,CHEMBL171745,0.9439913034439088,0.0437191687524318,30.0,0.1894317898278626,0.0,0.06,COc1cc2c(Nc3cccc4ccoc34)ncnc2cc1OCCCN1CCOCC1,434.4960000000005,4.229300000000003,1.0,8.0,0.0,SRC_P_EGFR,EGFR,Inhibidores/Targets/EGFR,SRC_P_EGFR_129
SRC P EGFR,CHEMBL3623290,0.9494416117668152,0.1663697361946106,622.0,0.8559872801248994,0.0,0.02,COc1cc2ncnc(Nc3cccc(Cl)c3F)c2cc1OC(=O)N1CCN(C)C[C@H]1C,459.90900000000033,4.309200000000003,1.0,7.0,0.0,SRC_P_EGFR,EGFR,Inhibidores/Targets/EGFR,SRC_P_EGFR_130
SRC P EGFR,CHEMBL123733,0.9092477560043336,0.0700706988573074,12.0,0.5286147711104485,0.0,0.01,COCCOc1cc2ncc(C#N)c(Nc3ccc(Cl)cc3Cl)c2cc1OCCOC,462.33300000000025,5.207280000000004,1.0,7.0,1.0,SRC_P_EGFR,EGFR,Inhibidores/Targets/EGFR,SRC_P_EGFR_131
SRC P EGFR,CHEMBL171423,0.9442149996757508,0.0395309403538703,370.0,0.1897166476752408,0.0,0.3133333333333333,COc1cc2c(Nc3cccc4c3OCCO4)ncnc2cc1OCCCN1CCOCC1,452.5110000000004,3.2543000000000024,1.0,9.0,0.0,SRC_P_EGFR,EGFR,Inhibidores/Targets/EGFR,SRC_P_EGFR_132
SRC P EGFR,CHEMBL54382,0.9616602063179016,0.3891397714614868,11000.0,0.0228198123107483,0.0,0.52,CCN1CCC(n2cc(C3=C(c4cn(C)c5ccccc45)C(=O)NC3=O)c3ccccc32)CC1,452.5580000000003,4.357000000000004,1.0,5.0,0.0,SRC_P_EGFR,EGFR,Inhibidores/Targets/EGFR,SRC_P_EGFR_133
SRC P EGFR,CHEMBL1933734,0.9271479249000548,0.5037468075752258,66600.0,0.7592725958866717,0.0,0.2623333333333333,CC1(C)CC(=O)c2c(nn(-c3ccc(O)cc3)c2-c2ccc(Cl)c(Cl)c2)C1,401.2930000000001,5.706800000000004,1.0,4.0,1.0,SRC_P_EGFR,EGFR,Inhibidores/Targets/EGFR,SRC_P_EGFR_134
SRC P EGFR,CHEMBL169725,0.9407867789268494,0.0202578268945217,760.0,0.2681080672332782,0.0,0.04,COc1cc2c(Nc3ccc4c(c3)OCO4)ncnc2cc1OCCCN1CCOCC1,438.4840000000004,3.211800000000001,1.0,9.0,0.0,SRC_P_EGFR,EGFR,Inhibidores/Targets/EGFR,SRC_P_EGFR_135
SRC P EGFR,CHEMBL577269,0.9499684572219848,0.08741145581007,38.0,0.5093446250451931,0.0,0.48,Cn1c(=O)c(-c2c(Cl)cccc2Cl)cc2cnc(Nc3cccc(N)c3)nc21,412.28000000000014,4.6281000000000025,2.0,6.0,0.0,SRC_P_EGFR,EGFR,Inhibidores/Targets/EGFR,SRC_P_EGFR_136
SRC P EGFR,CHEMBL485304,0.9971581697463988,0.5606005191802979,300.0,0.4079322720580043,0.0,0.06,COCCOc1cc2ncnc(Nc3ccc(F)c(Cl)c3)c2cc1NC(=O)[C@@H]1CCCN1,459.9090000000003,3.8816000000000015,3.0,7.0,0.0,SRC_P_EGFR,EGFR,Inhibidores/Targets/EGFR,SRC_P_EGFR_137
SRC P EGFR,CHEMBL236384,0.9490593671798706,0.2542786598205566,38000.0,0.108654663598994,0.0,0.0533333333333333,N#Cc1cnc2cnc(NCc3cccnc3)cc2c1NC1CCCCCC1,372.4760000000003,4.643280000000003,2.0,6.0,0.0,SRC_P_EGFR,EGFR,Inhibidores/Targets/EGFR,SRC_P_EGFR_138
SRC P EGFR,CHEMBL171368,0.9311982989311218,0.0278671495616436,560.0,0.2917389101919722,0.0,0.01,COc1ccccc1Nc1ncnc2cc(OCCCN3CCOCC3)c(OC)cc12,424.5010000000003,3.4917000000000025,1.0,8.0,0.0,SRC_P_EGFR,EGFR,Inhibidores/Targets/EGFR,SRC_P_EGFR_139
SRC P EGFR,CHEMBL354145,0.9736724495887756,0.0279673598706722,10.0,0.4100796860370653,0.0,0.275,COc1cc2c(Nc3c(Cl)ccc4c3OCO4)ncnc2cc1OCc1ccnc(C#N)c1,461.8650000000002,4.609780000000003,1.0,9.0,0.0,SRC_P_EGFR,EGFR,Inhibidores/Targets/EGFR,SRC_P_EGFR_140
SRC P EGFR,CHEMBL3651250,0.9302220940589904,0.331266313791275,1.8,0.1662798487381989,0.0,0.27,Cc1cc(-c2cc(O)ccc2Cl)cc2nnc(Nc3cccc(OCCN4CCCC4)c3)nc12,475.9800000000004,5.5774200000000045,2.0,7.0,1.0,SRC_P_EGFR,EGFR,Inhibidores/Targets/EGFR,SRC_P_EGFR_141
SRC P EGFR,CHEMBL3951753,0.9266396760940552,0.0276467762887477,1004.0,0.4786939507658956,0.0,0.37,C=CS(=O)(=O)Nc1cccc(Nc2ncnc3cc(OC)c(OC)cc23)c1,386.4330000000002,3.275800000000002,2.0,7.0,0.0,SRC_P_EGFR,EGFR,Inhibidores/Targets/EGFR,SRC_P_EGFR_142
SRC P EGFR,CHEMBL172450,0.9557669758796692,0.0570018738508224,10.0,0.2145045312816521,0.0,0.04,COc1ccc(Cl)c(Nc2ncnc3cc(OCCCN4CCOCC4)c(OC)cc23)c1,458.9460000000004,4.145100000000003,1.0,8.0,0.0,SRC_P_EGFR,EGFR,Inhibidores/Targets/EGFR,SRC_P_EGFR_143
SRC P EGFR,CHEMBL355282,0.985535442829132,0.0473068580031394,40.0,0.3632344400114727,0.0,0.02,COc1cc2c(Nc3cccc4c3ccn4C)ncnc2cc1OCCCN1CCOCC1,447.5390000000005,3.9748000000000014,1.0,8.0,0.0,SRC_P_EGFR,EGFR,Inhibidores/Targets/EGFR,SRC_P_EGFR_144
SRC P EGFR,CHEMBL475413,0.91525399684906,0.2259067595005035,125.89,0.4775936107955889,0.0,0.2875,COc1cccc(-c2cn(-c3ccc(OCCn4ccnc4)cc3)c3ncnc(N)c23)c1,426.4800000000001,3.953800000000001,1.0,8.0,0.0,SRC_P_EGFR,EGFR,Inhibidores/Targets/EGFR,SRC_P_EGFR_145
SRC P EGFR,CHEMBL1765559,0.9072018265724182,0.6669737696647644,68.0,0.0293965262179695,0.0,0.0,CN(C)CCNc1cc(-c2ccccc2)c2c(N)c(C(=O)N/N=C/c3cccn3C)sc2n1,461.59500000000014,3.621400000000001,3.0,8.0,0.0,SRC_P_EGFR,EGFR,Inhibidores/Targets/EGFR,SRC_P_EGFR_146
SRC P EGFR,CHEMBL1765560,0.917769730091095,0.2003366500139236,40.0,0.0831798311787374,0.0,0.05,CN(C)CCNc1cc(Cc2ccccc2)c2c(N)c(C(=O)N/N=C/c3cccn3C)sc2n1,475.6220000000001,3.545200000000001,3.0,8.0,0.0,SRC_P_EGFR,EGFR,Inhibidores/Targets/EGFR,SRC_P_EGFR_147
SRC P EGFR,CHEMBL3648028,0.9598100185394288,0.1003126427531242,189.0,0.6223262076596018,0.0,0.02,COc1cccc(Nc2nnc3cc(-c4c(Cl)cccc4Cl)cc(C)c3n2)c1,411.29200000000014,6.059220000000003,1.0,5.0,1.0,SRC_P_EGFR,EGFR,Inhibidores/Targets/EGFR,SRC_P_EGFR_148
SRC P EGFR,CHEMBL171558,0.941803812980652,0.0318270623683929,16.0,0.1261679629027674,0.0,0.06,COc1cc2c(Nc3cccc4occc34)ncnc2cc1OCCCN1CCOCC1,434.4960000000005,4.229300000000003,1.0,8.0,0.0,SRC_P_EGFR,EGFR,Inhibidores/Targets/EGFR,SRC_P_EGFR_149
SRC P EGFR,CHEMBL2178352,0.9856531023979188,0.0074879345484077,290.0,0.6099452998886036,0.0,0.1333333333333333,CN1CCN(c2ccc(Nc3ncc4nc(Nc5ccccc5)n(C5CCCC5)c4n3)cc2)CC1,468.6090000000003,5.180400000000004,2.0,8.0,1.0,SRC_P_EGFR,EGFR,Inhibidores/Targets/EGFR,SRC_P_EGFR_150
SRC P EGFR,CHEMBL1765561,0.9076283574104308,0.2573559284210205,63.0,0.0339234055686103,0.0,0.19,CCCc1cc(NCCN(C)C)nc2sc(C(=O)N/N=C/c3cccn3C)c(N)c12,427.57800000000015,2.9069000000000003,3.0,8.0,0.0,SRC_P_EGFR,EGFR,Inhibidores/Targets/EGFR,SRC_P_EGFR_151
SRC P EGFR,CHEMBL121954,0.9693182706832886,0.2592102885246277,220.0,0.8791299033302618,0.0,0.02,Oc1cccc(Nc2[nH]nc3ncnc(Nc4cccc(Cl)c4)c23)c1,352.785,4.199100000000001,4.0,6.0,0.0,SRC_P_EGFR,EGFR,Inhibidores/Targets/EGFR,SRC_P_EGFR_152
SRC P EGFR,CHEMBL291297,0.9195498824119568,0.1066982746124267,230.0,0.6276700769341388,0.0,0.08,COc1cc(Nc2c(C#N)cnc3cc(OC4CCN(C)CC4)c(OC)cc23)c(Cl)cc1Cl,487.3870000000003,5.647080000000004,1.0,7.0,1.0,SRC_P_EGFR,EGFR,Inhibidores/Targets/EGFR,SRC_P_EGFR_153
SRC P EGFR,CHEMBL475355,0.90481698513031,0.2932626605033874,39.81,0.3875134142380877,0.0,0.05,CNC(=O)CNCCOc1ccc(-n2cc(-c3cccc(OC)c3)c3c(N)ncnc32)cc1,446.5110000000002,2.3927,3.0,8.0,0.0,SRC_P_EGFR,EGFR,Inhibidores/Targets/EGFR,SRC_P_EGFR_154
SRC MAPK1 P EGFR,CHEMBL2436978,0.91496080160141,6290.0,4330.0,0.1539116156446295,0.0,0.41,CN1CCN(Cc2ccc(-c3cnc4[nH]cc(-c5ccc6[nH]ccc6c5)c4c3)cc2)CC1,421.5480000000002,5.125600000000004,2.0,3.0,1.0,SRC_MAPK1_P_EGFR,EGFR,Inhibidores/Targets/EGFR,SRC_MAPK1_P_EGFR_155
SRC MAPK1 P EGFR,CHEMBL4062877,0.9314149618148804,574.7,5.7,0.3766148915021579,0.0,0.1333333333333333,Cc1n[nH]c2ccc(-c3cc(N[C@@H](CO)c4ccccc4)cnc3-c3cc(F)ccc3O)cc12,454.50500000000017,5.590520000000005,4.0,5.0,1.0,SRC_MAPK1_P_EGFR,EGFR,Inhibidores/Targets/EGFR,SRC_MAPK1_P_EGFR_156
SRC P EGFR STAT3,CHEMBL4436086,0.9362901449203492,0.089449904859066,897.0,0.9219860519031632,0.0,0.06,Oc1cccc(Nc2nc(/C=C/c3cc4c(cc3Br)OCO4)nc3ccccc23)c1,462.30300000000017,5.740600000000002,2.0,6.0,1.0,SRC_P_EGFR_STAT3,EGFR_STAT3,Inhibidores/Targets/EGFR_STAT3,SRC_P_EGFR_STAT3_157
EGFR P MAPK1,CHEMBL5079430,1.3,0.9561827182769777,0.56,0.141850926749537,0.0,0.075,C=CC(=O)N1CCC2(CC1)CNC(=O)c1cc(-c3ccnc(Nc4ccccc4OC(C)C)n3)[nH]c12,486.57600000000014,3.792100000000002,3.0,6.0,0.0,EGFR_P_MAPK1,MAPK1,Inhibidores/Targets/MAPK1,EGFR_P_MAPK1_158
EGFR P MAPK1,CHEMBL5272747,13.2,0.9125145673751832,0.46,0.2602336578575935,0.0,0.305,C=CC(=O)N1CCCCCCCCCn2cc(c3ccccc32)-c2ccnc(n2)Nc2cccc1c2,479.6280000000001,7.105200000000007,1.0,5.0,1.0,EGFR_P_MAPK1,MAPK1,Inhibidores/Targets/MAPK1,EGFR_P_MAPK1_159
EGFR P MAPK1,CHEMBL5287438,0.34,0.9125145673751832,0.46,0.2602336578575935,0.0,0.04,C=CC(=O)N1CCCCCCn2cc(c3ccccc32)-c2ccnc(n2)Nc2cccc1c2,437.54700000000014,5.934900000000005,1.0,5.0,1.0,EGFR_P_MAPK1,MAPK1,Inhibidores/Targets/MAPK1,EGFR_P_MAPK1_160
EGFR P MAPK1,CHEMBL5274514,0.55,0.9125145673751832,0.46,0.2602336578575935,0.0,0.06,C=CC(=O)N1CCCCCCCn2cc(c3ccccc32)-c2ccnc(n2)Nc2cccc1c2,451.5740000000001,6.3250000000000055,1.0,5.0,1.0,EGFR_P_MAPK1,MAPK1,Inhibidores/Targets/MAPK1,EGFR_P_MAPK1_161
EGFR P MAPK1,CHEMBL5083976,32.0,0.9227632880210876,0.5175806451612903,0.117600879775689,0.0,0.06,C=CC(=O)N1CCC2(CC1)CNC(=O)c1cc(-c3ccnc(-c4cccc(OC)c4)n3)[nH]c12,443.5070000000001,2.9369000000000005,2.0,5.0,0.0,EGFR_P_MAPK1,MAPK1,Inhibidores/Targets/MAPK1,EGFR_P_MAPK1_162
EGFR P MAPK1,CHEMBL4448691,1322.0,0.9042071104049684,0.31,0.2959138803087568,0.0,0.16,C=CC(=O)Nc1cccc(-c2c(C)oc3ncnc(N[C@H](CO)c4ccccc4)c23)c1,414.4650000000001,4.468220000000002,3.0,6.0,0.0,EGFR_P_MAPK1,MAPK1,Inhibidores/Targets/MAPK1,EGFR_P_MAPK1_163
EGFR P MAPK1,CHEMBL4646281,2360.0,0.9632142186164856,0.4475806451612903,0.6899796288230322,0.0,0.04,C=CC(=O)NCCOc1cc(Cc2ccccc2)cc2[nH]c(-c3n[nH]c4cc(C(F)F)ccc34)cc12,486.52200000000016,5.920600000000004,3.0,3.0,1.0,EGFR_P_MAPK1,MAPK1,Inhibidores/Targets/MAPK1,EGFR_P_MAPK1_164
EGFR P MAPK1,CHEMBL4441440,159.0,0.915284276008606,0.45,0.321066380867542,0.0,0.1233333333333333,C=CC(=O)Nc1cccc(-c2coc3ncnc(N[C@H](CO)c4ccccc4)c23)c1,400.4380000000001,4.1598000000000015,3.0,6.0,0.0,EGFR_P_MAPK1,MAPK1,Inhibidores/Targets/MAPK1,EGFR_P_MAPK1_165
EGFR P MAPK1,CHEMBL4293145,0.7,0.9013160467147828,0.52,0.1953522571689133,0.0,0.74,C=C=CC(=O)Nc1cc(Nc2nccc(-c3cn(C)c4ccccc34)n2)c(OC)cc1O[C@H]1CCOC1,497.5550000000004,4.834800000000003,2.0,8.0,0.0,EGFR_P_MAPK1,MAPK1,Inhibidores/Targets/MAPK1,EGFR_P_MAPK1_166
EGFR P MAPK1,CHEMBL3622670,7.0,0.91000634431839,0.29,0.0785260368911057,0.0,0.12,CC(C)NC/C=C/C(=O)Nc1cc2c(Nc3ccc(F)c(Cl)c3)ncnc2cc1O[C@H]1CCOC1,499.9740000000003,4.826300000000003,3.0,7.0,0.0,EGFR_P_MAPK1,MAPK1,Inhibidores/Targets/MAPK1,EGFR_P_MAPK1_167
EGFR P MAPK1,CHEMBL2315410,269323.99676811206,0.9062834978103638,0.23,0.0028154691853093,0.0,0.565,CC1=CCC[C@](C)(CC/C(C)=C/CC2=C(O)C(=O)C=C(N[C@@H](C(=O)O)[C@@H](C)O)C2=O)[C@@H]1C,445.55600000000015,3.756900000000001,4.0,6.0,0.0,EGFR_P_MAPK1,MAPK1,Inhibidores/Targets/MAPK1,EGFR_P_MAPK1_168
EGFR P MAPK1,CHEMBL5286636,10.5,0.9198005199432372,0.45,0.2352784937225327,0.0,0.08,C=CC(=O)N1CCCCCCCn2cc(c3ccccc32)-c2ccnc(n2)Nc2cc1ccc2F,469.56400000000014,6.464100000000005,1.0,5.0,1.0,EGFR_P_MAPK1,MAPK1,Inhibidores/Targets/MAPK1,EGFR_P_MAPK1_169
EGFR P MAPK1,CHEMBL1271507,89.0,0.9206669926643372,0.56,0.2226358487650357,0.0,0.06,CN1CCN(C/C=C/C(=O)N2CCc3c(sc4ncnc(N[C@H](CO)c5ccccc5)c34)C2)CC1,492.6490000000002,2.5251,2.0,8.0,0.0,EGFR_P_MAPK1,MAPK1,Inhibidores/Targets/MAPK1,EGFR_P_MAPK1_170
EGFR P MAPK1,CHEMBL69964,210.0,0.9054271578788756,0.609090909090909,0.0827337268965263,0.0,0.16,Cc1cc(/C=C2\C(=O)Nc3ncnc(Nc4ccc(F)c(Cl)c4)c32)[nH]c1C(=O)N1CCN(C)CC1,495.9460000000004,3.529520000000001,3.0,6.0,0.0,EGFR_P_MAPK1,MAPK1,Inhibidores/Targets/MAPK1,EGFR_P_MAPK1_171
EGFR P MAPK1,CHEMBL5286055,86.5,0.9125145673751832,0.46,0.2602336578575935,0.0,0.01,C=CC(=O)N1CCCCCCCCn2cc(c3ccccc32)-c2ccnc(n2)Nc2cccc1c2,465.6010000000001,6.715100000000006,1.0,5.0,1.0,EGFR_P_MAPK1,MAPK1,Inhibidores/Targets/MAPK1,EGFR_P_MAPK1_172
EGFR P MAPK1,CHEMBL5082422,499.0,0.920638918876648,0.2825874125874125,0.0618097645932143,0.0,0.03,CC#CC(=O)Nc1cccc(-c2nccc(-c3cc4c([nH]3)C3(CCNCC3)CNC4=O)n2)c1,440.5070000000002,2.4651000000000005,4.0,5.0,0.0,EGFR_P_MAPK1,MAPK1,Inhibidores/Targets/MAPK1,EGFR_P_MAPK1_173
EGFR P MAPK1,CHEMBL4447289,4626.0,0.9541040062904358,0.3214285714285714,0.4350939179866987,0.0,0.7175,C=CC(=O)Nc1cccc(-c2noc3ncnc(N[C@H](CO)c4ccccc4)c23)c1,401.4260000000001,3.554800000000002,3.0,7.0,0.0,EGFR_P_MAPK1,MAPK1,Inhibidores/Targets/MAPK1,EGFR_P_MAPK1_174
SRC P MAPK1,CHEMBL55594,0.0470224395394325,0.9235312938690186,5000.0,0.0041837618455089,0.0,0.49,CCS(=O)(=O)c1ccc2c(c1)/C(=C/c1[nH]c3c(c1CN1CCOCC1)CCCC3)C(=O)N2,455.5800000000005,3.0120000000000013,2.0,5.0,0.0,SRC_P_MAPK1,MAPK1,Inhibidores/Targets/MAPK1,SRC_P_MAPK1_175
SRC P MAPK1,CHEMBL258015,0.2669809460639953,0.9208723902702332,43.0,0.0418873278125929,0.0,0.21,CO/N=C(\C)c1ccc2c(c1)c1c3c(c4c(c1n2CC(C)C)CCc1nn(C)cc1-4)C(=O)NC3,455.5620000000002,4.563400000000004,1.0,6.0,0.0,SRC_P_MAPK1,MAPK1,Inhibidores/Targets/MAPK1,SRC_P_MAPK1_176
SRC P MAPK1,CHEMBL296185,0.047894898802042,0.9427124857902528,60.0,0.0023715332707084,0.0,0.37,CNS(=O)(=O)c1ccc2c(c1)/C(=C/c1[nH]c3c(c1CCCN1CCOCC1)CCCC3)C(=O)N2,484.6220000000005,2.5591,3.0,5.0,0.0,SRC_P_MAPK1,MAPK1,Inhibidores/Targets/MAPK1,SRC_P_MAPK1_177
SRC P MAPK1,CHEMBL293595,0.0537896715104579,0.9096518754959106,1000.0,0.018867172318186,0.0,0.1,COc1ccc2c(c1)/C(=C/c1[nH]c3c(c1CCCN(C)C)CCCC3)C(=O)N2,379.5040000000002,3.889000000000002,2.0,3.0,0.0,SRC_P_MAPK1,MAPK1,Inhibidores/Targets/MAPK1,SRC_P_MAPK1_178
SRC P MAPK1,CHEMBL54283,0.0930468291044235,0.9347143173217772,210.0,0.0032741915406431,0.0,0.05,CCS(=O)(=O)c1ccc2c(c1)/C(=C/c1[nH]c3c(c1CCCN1CCN(C)CC1)CCCC3)C(=O)N2,496.6770000000005,3.3598000000000026,2.0,5.0,0.0,SRC_P_MAPK1,MAPK1,Inhibidores/Targets/MAPK1,SRC_P_MAPK1_179
SRC P MAPK1,CHEMBL299724,0.0369833894073963,0.9517278671264648,230.0,0.001663058158088,0.0,0.3133333333333333,CC(C)CNS(=O)(=O)c1ccc2c(c1)/C(=C/c1[nH]c3c(c1CCCN(C)C)CCCC3)C(=O)N2,484.6660000000004,3.814700000000003,3.0,4.0,0.0,SRC_P_MAPK1,MAPK1,Inhibidores/Targets/MAPK1,SRC_P_MAPK1_180
SRC P MAPK1,CHEMBL56230,0.1028589755296707,0.9224098324775696,600.0,0.0044238052577554,0.0,0.11,CN(C)CCCc1c(/C=C2\C(=O)Nc3ccc(S(N)(=O)=O)cc32)[nH]c2c1CCCC2,428.5580000000003,2.5278,3.0,4.0,0.0,SRC_P_MAPK1,MAPK1,Inhibidores/Targets/MAPK1,SRC_P_MAPK1_181
SRC P MAPK1,CHEMBL54574,0.0756723135709762,0.9488218426704408,240.0,0.0039256425278659,0.0,0.835,CN(C)CCCc1c(/C=C2\C(=O)Nc3ccc(S(=O)(=O)NCCO)cc32)[nH]c2c1CCCC2,472.61100000000033,2.151,4.0,5.0,0.0,SRC_P_MAPK1,MAPK1,Inhibidores/Targets/MAPK1,SRC_P_MAPK1_182
SRC P MAPK1,CHEMBL294375,0.0579738691449165,0.9089043140411376,400.0,0.0523718072359505,0.0,0.0433333333333333,CCS(=O)(=O)c1ccc2c(c1)/C(=C/c1[nH]c3c(c1CCC(=O)O)CCCC3)C(=O)N2,428.51000000000033,3.197000000000002,3.0,4.0,0.0,SRC_P_MAPK1,MAPK1,Inhibidores/Targets/MAPK1,SRC_P_MAPK1_183
SRC P MAPK1,CHEMBL298566,0.1596139073371887,0.9358686208724976,800.0,0.0038727949864113,0.0,0.0,CCS(=O)(=O)c1ccc2c(c1)/C(=C/c1[nH]c3c(c1CCCN1CCC(O)CC1)CCCC3)C(=O)N2,497.6610000000005,3.5691000000000024,3.0,5.0,0.0,SRC_P_MAPK1,MAPK1,Inhibidores/Targets/MAPK1,SRC_P_MAPK1_184
SRC P MAPK1,CHEMBL401896,0.2428143918514251,0.9501062035560608,14.0,0.0364430693308515,0.0,0.3733333333333333,CCO/N=C(\C)c1ccc2c(c1)c1c3c(c4c(c1n2C(C)C)CCc1nn(C)cc1-4)C(=O)NC3,455.5620000000002,4.8784000000000045,1.0,6.0,0.0,SRC_P_MAPK1,MAPK1,Inhibidores/Targets/MAPK1,SRC_P_MAPK1_185
SRC P MAPK1,CHEMBL59042,0.0699656978249549,0.9371576905250548,60.0,0.0030766946864041,0.0,0.0,CCS(=O)(=O)c1ccc2c(c1)/C(=C/c1[nH]c3c(c1CCCN(C)C)CCCC3)C(=O)N2,441.5970000000004,3.674000000000003,2.0,4.0,0.0,SRC_P_MAPK1,MAPK1,Inhibidores/Targets/MAPK1,SRC_P_MAPK1_186
SRC P MAPK1,CHEMBL55496,0.1255174577236175,0.9190851449966432,900.0,0.0056872119331183,0.0,0.01,CNS(=O)(=O)c1ccc2c(c1)/C(=C/c1[nH]c3c(c1CCCN1CCC(O)CC1)CCCC3)C(=O)N2,498.6490000000005,2.6836,4.0,5.0,0.0,SRC_P_MAPK1,MAPK1,Inhibidores/Targets/MAPK1,SRC_P_MAPK1_187
SRC P MAPK1,CHEMBL59487,0.065283827483654,0.9282651543617249,300.0,0.0030803693151116,0.0,0.16,CN(C)CCCc1c(/C=C2\C(=O)Nc3ccc(S(C)(=O)=O)cc32)[nH]c2c1CCCC2,427.5700000000003,3.283900000000002,2.0,4.0,0.0,SRC_P_MAPK1,MAPK1,Inhibidores/Targets/MAPK1,SRC_P_MAPK1_188
SRC P MAPK1,CHEMBL52513,0.053651250898838,0.91687273979187,100.0,0.0052656141524406,0.0,0.085,CNS(=O)(=O)c1ccc2c(c1)/C(=C/c1[nH]c3c(c1CCCN(C)C)CCCC3)C(=O)N2,442.5850000000004,2.788500000000001,3.0,4.0,0.0,SRC_P_MAPK1,MAPK1,Inhibidores/Targets/MAPK1,SRC_P_MAPK1_189
SRC P MAPK1,CHEMBL293334,0.0976858437061309,0.9439725279808044,10000.0,0.0046060904725199,0.0,0.0,CCS(=O)(=O)Cc1ccc2c(c1)/C(=C/c1[nH]c3c(c1CCCN(C)C)CCCC3)C(=O)N2,455.6240000000004,3.815100000000003,2.0,4.0,0.0,SRC_P_MAPK1,MAPK1,Inhibidores/Targets/MAPK1,SRC_P_MAPK1_190
SRC P MAPK1,CHEMBL223147,0.4241322875022888,0.9093467593193054,250.0,0.639726490131679,0.0,0.24,CCN1C(=O)C(C)(C)c2cc3[nH]c4c(c3cc21)CCCc1c(C)n[nH]c1-4,348.4500000000001,3.999220000000002,2.0,2.0,0.0,SRC_P_MAPK1,MAPK1,Inhibidores/Targets/MAPK1,SRC_P_MAPK1_191
SRC P MAPK1,CHEMBL292819,0.1483126729726791,0.9499028325080872,700.0,0.0084284730160385,0.0,0.425,CN(C)CCCc1c(/C=C2\C(=O)Nc3ccc(C(=O)O)cc32)[nH]c2c1CCCC2,393.48700000000025,3.5786000000000016,3.0,3.0,0.0,SRC_P_MAPK1,MAPK1,Inhibidores/Targets/MAPK1,SRC_P_MAPK1_192
SRC P MAPK1,CHEMBL301143,0.041436593979597,0.9025862216949464,1000.0,0.0061429693266386,0.0,0.0833333333333333,CNS(=O)(=O)c1ccc2c(c1)/C(=C/c1[nH]c3c(c1CN1CCOCC1)CCCC3)C(=O)N2,456.5680000000005,2.1265,3.0,5.0,0.0,SRC_P_MAPK1,MAPK1,Inhibidores/Targets/MAPK1,SRC_P_MAPK1_193
SRC P MAPK1,CHEMBL57863,0.0535515621304512,0.955582857131958,150.0,0.0016132160384021,0.0,0.01,CCS(=O)(=O)c1ccc2c(c1)/C(=C/c1[nH]c3c(c1CCCN1CCOCC1)CCCC3)C(=O)N2,483.6340000000005,3.444600000000002,2.0,5.0,0.0,SRC_P_MAPK1,MAPK1,Inhibidores/Targets/MAPK1,SRC_P_MAPK1_194
SRC P MAPK1,CHEMBL292929,0.1216534152626991,0.9623770713806152,2300.0,0.0112583950156653,0.0,0.0,CN(C)CCCc1c(/C=C2\C(=O)Nc3ccc(-c4ccccc4)cc32)[nH]c2c1CCCC2,425.57600000000025,5.547400000000005,2.0,2.0,1.0,SRC_P_MAPK1,MAPK1,Inhibidores/Targets/MAPK1,SRC_P_MAPK1_195
SRC P MAPK1,CHEMBL301663,0.1800198554992675,0.96804940700531,500.0,0.0185715936792299,0.0,0.13,CN(C)CCCc1c(/C=C2\C(=O)Nc3ccc(F)cc32)[nH]c2c1CCCC2,367.4680000000002,4.0195000000000025,2.0,2.0,0.0,SRC_P_MAPK1,MAPK1,Inhibidores/Targets/MAPK1,SRC_P_MAPK1_196
SRC P MAPK1,CHEMBL301271,0.063072495162487,0.900042712688446,40.0,0.0883615610548298,0.0,0.379,CCS(=O)(=O)c1ccc2c(c1)/C(=C/c1[nH]c3c(c1CCC(N)=O)CCCC3)C(=O)N2,427.5260000000004,2.597700000000001,3.0,4.0,0.0,SRC_P_MAPK1,MAPK1,Inhibidores/Targets/MAPK1,SRC_P_MAPK1_197
SRC P MAPK1,CHEMBL418274,0.0964807718992233,0.908254325389862,3300.0,0.0194823230546993,0.0,0.155,CN(C)CCCc1c(/C=C2\C(=O)Nc3ccccc32)[nH]c2c1CCCC2,349.4780000000002,3.8804000000000025,2.0,2.0,0.0,SRC_P_MAPK1,MAPK1,Inhibidores/Targets/MAPK1,SRC_P_MAPK1_198
SRC P MAPK1,CHEMBL301676,0.0530778430402278,0.9558438658714294,230.0,0.0017733320693825,0.0,0.05,CC(C)S(=O)(=O)c1ccc2c(c1)/C(=C/c1[nH]c3c(c1CCCN(C)C)CCCC3)C(=O)N2,455.6240000000004,4.062500000000004,2.0,4.0,0.0,SRC_P_MAPK1,MAPK1,Inhibidores/Targets/MAPK1,SRC_P_MAPK1_199
SRC P MAPK1,CHEMBL293712,0.0735857710242271,0.9164794087409972,100.0,0.0048095149027464,0.0,0.235,CNS(=O)(=O)c1ccc2c(c1)/C(=C/c1[nH]c3c(c1CCCN1CCN(C)CC1)CCCC3)C(=O)N2,497.6650000000005,2.4742999999999995,3.0,5.0,0.0,SRC_P_MAPK1,MAPK1,Inhibidores/Targets/MAPK1,SRC_P_MAPK1_200
SRC P MAPK1,CHEMBL300830,0.067594289779663,0.9290335178375244,2600.0,0.0041500403524514,0.0,0.0,CN(C)CCCc1c(/C=C2\C(=O)Nc3ccc(S(=O)(=O)N(C)C)cc32)[nH]c2c1CCCC2,456.6120000000003,3.130700000000002,2.0,4.0,0.0,SRC_P_MAPK1,MAPK1,Inhibidores/Targets/MAPK1,SRC_P_MAPK1_201
SRC P MAPK1,CHEMBL294619,0.1904181092977523,0.9365946650505066,1100.0,0.0188700795894795,0.0,0.01,CNOC(=O)c1ccc2c(c1)/C(=C/c1[nH]c3c(c1CCCN(C)C)CCCC3)C(=O)N2,422.5290000000003,3.171600000000001,3.0,5.0,0.0,SRC_P_MAPK1,MAPK1,Inhibidores/Targets/MAPK1,SRC_P_MAPK1_202
SRC P MAPK1,CHEMBL4074262,0.663023829460144,0.912041187286377,17056.0,0.4505838029747249,0.0,0.02,CC(c1cc2cc(-c3cnn(C)c3)cnc2cc1F)n1nnc2ncc(-c3cnn(CCO)c3)nc21,484.4990000000002,2.7742000000000004,1.0,11.0,1.0,SRC_P_MAPK1,MAPK1,Inhibidores/Targets/MAPK1,SRC_P_MAPK1_203
SRC EGFR P MAPK1,CHEMBL4075917,8.1,0.9651153087615968,6.0,0.3277540330122966,0.0,0.1166666666666666,Cc1n[nH]c2ccc(-c3cc(N[C@@H](CO)c4ccccc4)cnc3-c3ccc(F)cc3O)cc12,454.50500000000017,5.590520000000004,4.0,5.0,1.0,SRC_EGFR_P_MAPK1,MAPK1,Inhibidores/Targets/MAPK1,SRC_EGFR_P_MAPK1_204
SRC EGFR P MAPK1,CHEMBL431996,56500.0,0.9113972187042236,60.0,0.1677457985760759,0.0,0.105,O=C(O)CCc1c(/C=C2\C(=O)Nc3ccc(C(=O)O)cc32)[nH]c2c1CCCC2,380.4000000000002,3.101600000000002,4.0,3.0,0.0,SRC_EGFR_P_MAPK1,MAPK1,Inhibidores/Targets/MAPK1,SRC_EGFR_P_MAPK1_205
EGFR P SRC,CHEMBL320705,66.0,0.1418655514717102,0.92,0.5489544058242377,0.0,0.32,COc1ccccc1Nc1ncc2cc(-c3c(Cl)cccc3Cl)c(=O)n(C)c2n1,427.2910000000001,5.054500000000003,1.0,6.0,1.0,EGFR_P_SRC,SRC,Inhibidores/Targets/SRC,EGFR_P_SRC_206
EGFR P SRC,CHEMBL384699,51.0,0.1381481438875198,0.93,0.1232988265621646,0.0,0.26,COc1cc2ncnc(Nc3cc(Cl)ccc3F)c2cc1OCCCN1CCOCC1,446.9100000000004,4.275600000000003,1.0,7.0,0.0,EGFR_P_SRC,SRC,Inhibidores/Targets/SRC,EGFR_P_SRC_207
EGFR P SRC,CHEMBL24137,100.0,0.1212223544716835,0.91,0.1938447181845074,0.0,0.25,COc1cc2c(Nc3ccc(Cl)cc3F)ncnc2cc1OCCCN1CCOCC1,446.9100000000004,4.275600000000004,1.0,7.0,0.0,EGFR_P_SRC,SRC,Inhibidores/Targets/SRC,EGFR_P_SRC_208
EGFR P SRC,CHEMBL354310,330.0,0.4614672362804413,0.9356393606393608,0.7297839425200637,0.0,0.1033333333333333,COc1cccc(-c2cn(C3CC(C(=O)NCCO)C3)c3ncnc(N)c23)c1,381.4360000000001,1.7486999999999997,3.0,7.0,0.0,EGFR_P_SRC,SRC,Inhibidores/Targets/SRC,EGFR_P_SRC_209
EGFR P SRC,CHEMBL324926,330.0,0.0804212763905525,0.98,0.5087789686744189,0.0,0.22,COc1cc(Nc2ncc3cc(-c4c(Cl)cccc4Cl)c(=O)n(C)c3n2)cc(OC)c1,457.3170000000002,5.063100000000004,1.0,7.0,1.0,EGFR_P_SRC,SRC,Inhibidores/Targets/SRC,EGFR_P_SRC_210
EGFR P SRC,CHEMBL3647973,60.9,0.335078477859497,0.91,0.8099938280961387,0.0,0.21,C=CC(=O)N1CCC(n2nc(-c3ccc(Oc4ccccc4)cc3)c3c(N)ncnc32)CC1,440.5070000000002,4.2173000000000025,1.0,7.0,0.0,EGFR_P_SRC,SRC,Inhibidores/Targets/SRC,EGFR_P_SRC_211
EGFR P SRC,CHEMBL332269,4400.0,0.1662509888410568,0.98,0.1471049756178975,0.0,0.375,CCCCNc1ncc2cc(-c3c(Cl)cccc3Cl)c(=O)n(C)c2n1,377.27500000000015,4.514300000000003,1.0,5.0,0.0,EGFR_P_SRC,SRC,Inhibidores/Targets/SRC,EGFR_P_SRC_212
EGFR P SRC,CHEMBL4448162,1.0,0.0766393542289733,0.96,0.3803321466512688,0.0,0.755,COc1cc2ncnc(Nc3ccc(Cl)c(Cl)c3)c2cc1OCCCN1CCOCC1,463.3650000000004,4.789900000000005,1.0,7.0,0.0,EGFR_P_SRC,SRC,Inhibidores/Targets/SRC,EGFR_P_SRC_213
EGFR P SRC,CHEMBL50647,220.0,0.1111029610037803,0.99,0.4012451828304689,0.0,0.07,Cn1c(=O)c(-c2c(Cl)cccc2Cl)cc2cnc(Nc3ccc(CC(=O)O)cc3)nc21,455.3010000000002,4.673000000000004,2.0,6.0,0.0,EGFR_P_SRC,SRC,Inhibidores/Targets/SRC,EGFR_P_SRC_214
EGFR P SRC,CHEMBL109296,4500.0,0.141229510307312,0.97,0.3211294733876653,0.0,0.5,CCNc1ncc2cc(-c3c(Cl)cccc3Cl)c(=O)n(C)c2n1,349.22100000000006,3.7341000000000015,1.0,5.0,0.0,EGFR_P_SRC,SRC,Inhibidores/Targets/SRC,EGFR_P_SRC_215
EGFR P SRC,CHEMBL111197,30.0,0.158591479063034,0.97,0.4962407992836888,0.0,0.3425,COc1cccc(Nc2ncc3cc(-c4c(Cl)cccc4Cl)c(=O)n(C)c3n2)c1,427.2910000000001,5.054500000000003,1.0,6.0,1.0,EGFR_P_SRC,SRC,Inhibidores/Targets/SRC,EGFR_P_SRC_216
EGFR P SRC,CHEMBL111434,670.0,0.0961012169718742,0.95,0.462025470804443,0.0,0.2966666666666666,Cn1c(=O)c(-c2c(Cl)cccc2Cl)cc2cnc(Nc3cccc(Br)c3)nc21,476.1610000000001,5.808400000000002,1.0,5.0,1.0,EGFR_P_SRC,SRC,Inhibidores/Targets/SRC,EGFR_P_SRC_217
EGFR P SRC,CHEMBL3912266,44.5,0.1837468743324279,1.0,0.8117428970379685,0.0,0.13,C=CC(=O)N[C@H]1CC[C@H](n2nc(-c3ccc(Oc4ccccc4)cc3)c3c(N)ncnc32)CC1,454.5340000000002,4.653700000000003,2.0,7.0,0.0,EGFR_P_SRC,SRC,Inhibidores/Targets/SRC,EGFR_P_SRC_218
EGFR P SRC,CHEMBL3921655,156.3,0.1347761452198028,0.91,0.5795668114485342,0.0,0.29,CC#CC(=O)N[C@H]1CC[C@@H](n2nc(-c3ccc(Oc4ccccc4)cc3)c3c(N)ncnc32)CC1,466.5450000000002,4.491000000000003,2.0,7.0,0.0,EGFR_P_SRC,SRC,Inhibidores/Targets/SRC,EGFR_P_SRC_219
EGFR P SRC,CHEMBL111365,1300.0,0.1122602373361587,0.97,0.6479087477143677,0.0,0.03,COc1ccc(Nc2ncc3cc(-c4c(Cl)cccc4Cl)c(=O)n(C)c3n2)cn1,428.2790000000001,4.449500000000002,1.0,7.0,0.0,EGFR_P_SRC,SRC,Inhibidores/Targets/SRC,EGFR_P_SRC_220
EGFR P SRC,CHEMBL5188948,17.0,0.0164967123419046,0.91,0.5262668300803847,0.0,0.03,CN1CCN(c2ccc(Nc3ncc4cc(CNc5ccccc5)n(C5CCCC5)c4n3)cc2)CC1,481.6480000000003,5.6539000000000055,2.0,7.0,1.0,EGFR_P_SRC,SRC,Inhibidores/Targets/SRC,EGFR_P_SRC_221
EGFR P SRC,CHEMBL543661,3000.0,0.0132106635719537,0.940406976744186,0.7717592572514677,0.0,0.265,COc1cc(Nc2ncnc3cc(OC)c(OC)cc23)cc(OC)c1.Cl,377.828,3.8296000000000032,1.0,7.0,0.0,EGFR_P_SRC,SRC,Inhibidores/Targets/SRC,EGFR_P_SRC_222
EGFR P SRC,CHEMBL168266,2820.0,0.2451793700456619,0.98,0.7869356156571947,0.0,0.03,Nc1ncnc2c1c(-c1ccccc1)cn2C1CC(O)C1,280.3310000000001,2.3763000000000005,2.0,5.0,0.0,EGFR_P_SRC,SRC,Inhibidores/Targets/SRC,EGFR_P_SRC_223
EGFR P SRC,CHEMBL176702,3400.0,0.2231272310018539,0.9245,0.7075618882276863,0.0,0.29,Nc1ncnc2c1c(-c1ccccc1)cn2-c1cccc(CNCCO)c1,359.43300000000016,2.7516,3.0,6.0,0.0,EGFR_P_SRC,SRC,Inhibidores/Targets/SRC,EGFR_P_SRC_224
EGFR P SRC,CHEMBL364623,5200.0,0.2878434062004089,0.938,0.4284315572562506,0.0,0.695,Cc1cc(Nc2ncc(C(=O)Nc3c(C)cccc3Cl)s2)nc(C)n1,373.8690000000001,4.507660000000002,2.0,6.0,0.0,EGFR_P_SRC,SRC,Inhibidores/Targets/SRC,EGFR_P_SRC_225
EGFR P SRC,CHEMBL95320,850.0,0.0394130311906337,0.91,0.2745421373198281,0.0,0.525,C#Cc1cccc(Nc2c(C#N)cnc3cc(OCCOC)c(OCCOC)cc23)c1,417.46500000000026,3.881780000000002,1.0,7.0,0.0,EGFR_P_SRC,SRC,Inhibidores/Targets/SRC,EGFR_P_SRC_226
EGFR P SRC,CHEMBL262276,800.0,0.251825749874115,0.99987012987013,0.2764734680641441,0.0,0.1333333333333333,COC(=O)CN1CCC(n2cc(-c3cccc(O)c3)c3c(N)ncnc32)CC1,381.4360000000002,2.196,2.0,8.0,0.0,EGFR_P_SRC,SRC,Inhibidores/Targets/SRC,EGFR_P_SRC_227
EGFR P SRC,CHEMBL169467,3400.0,0.3600250482559204,0.90987012987013,0.5535989882730634,0.0,0.64,COc1ccc(CC(CO)n2cc(-c3cccc(O)c3)c3c(N)ncnc32)cc1,390.44300000000015,3.1708000000000007,3.0,7.0,0.0,EGFR_P_SRC,SRC,Inhibidores/Targets/SRC,EGFR_P_SRC_228
EGFR P SRC,CHEMBL335648,19.0,0.834417998790741,0.925,0.0804790018390023,0.0,0.0133333333333333,CO[C@H]1[C@@H]([N+](C)(C)C)C[C@@H]2O[C@@]1(C)n1c3ccccc3c3c4c(c5c6ccccc6n2c5c31)C(=O)NC4,495.6030000000003,4.840800000000004,1.0,5.0,0.0,EGFR_P_SRC,SRC,Inhibidores/Targets/SRC,EGFR_P_SRC_229
EGFR P SRC,CHEMBL113023,250.0,0.1202164739370346,0.93,0.4901264397069498,0.0,0.195,COc1ccc(Nc2ncc3cc(-c4c(Cl)cccc4Cl)c(=O)n(C)c3n2)cc1C,441.31800000000015,5.362920000000004,1.0,6.0,1.0,EGFR_P_SRC,SRC,Inhibidores/Targets/SRC,EGFR_P_SRC_230
EGFR P SRC,CHEMBL325589,510.0,0.0773531422019004,0.94,0.5421922553593929,0.0,0.02,Cn1c(=O)c(-c2c(Cl)cccc2Cl)cc2cnc(Nc3cccnc3)nc21,398.2530000000001,4.440900000000003,1.0,6.0,0.0,EGFR_P_SRC,SRC,Inhibidores/Targets/SRC,EGFR_P_SRC_231
EGFR P SRC,CHEMBL543904,500.0,0.0171920992434024,0.97,0.7806538429283585,0.0,0.13,COc1cc2ncnc(Nc3cc(OC)c(OC)c(OC)c3)c2cc1OC.Cl,407.8540000000001,3.8382000000000014,1.0,8.0,0.0,EGFR_P_SRC,SRC,Inhibidores/Targets/SRC,EGFR_P_SRC_232
EGFR P SRC,CHEMBL168285,790.0,0.2106375396251678,0.995,0.6470398549539579,0.0,0.695,Nc1ncnc2c1c(-c1ccccc1)cn2C1CCC(O)C1,294.35800000000006,2.766400000000001,2.0,5.0,0.0,EGFR_P_SRC,SRC,Inhibidores/Targets/SRC,EGFR_P_SRC_233
EGFR P SRC,CHEMBL169390,80.0,0.2329629808664322,0.99987012987013,0.7097907258075664,0.0,0.03,Nc1ncnc2c1c(-c1cccc(O)c1)cn2C1CCCC1,294.3580000000001,3.5012000000000016,2.0,5.0,0.0,EGFR_P_SRC,SRC,Inhibidores/Targets/SRC,EGFR_P_SRC_234
EGFR P STAT3,CHEMBL441083,912.01,0.0179995950311422,0.4984529537556803,0.9308019351926416,0.0,0.81,Cc1cccc(Nc2ncnc3ccccc23)c1,235.29000000000005,3.681820000000002,1.0,3.0,0.0,EGFR_P_STAT3,STAT3,Inhibidores/Targets/STAT3,EGFR_P_STAT3_235
EGFR P STAT3,CHEMBL181742,50.12,0.0268491003662347,0.603406976744186,0.931369753478952,0.0,0.59,Clc1cc(Nc2ncnc3nn4ccccc4c23)ccc1OCc1ccccc1,401.8570000000002,5.2535000000000025,1.0,6.0,1.0,EGFR_P_STAT3,STAT3,Inhibidores/Targets/STAT3,EGFR_P_STAT3_236
EGFR P STAT3,CHEMBL2324870,530.0,0.2156457006931305,0.2902,0.9223549294582374,0.0,0.84,NC(=S)N1N=C(c2ccc(Cl)cc2)CC1c1ccc2ccccc2c1,365.88900000000007,4.887900000000003,1.0,2.0,0.0,EGFR_P_STAT3,STAT3,Inhibidores/Targets/STAT3,EGFR_P_STAT3_237
EGFR P STAT3,CHEMBL2325097,110.0,0.1504478007555008,0.2402,0.9188524864262914,0.0,0.43,Clc1ccc(C2=NN(c3ccccc3)C(c3ccc4ccccc4c3)C2)cc1,382.8940000000002,6.848900000000005,0.0,2.0,1.0,EGFR_P_STAT3,STAT3,Inhibidores/Targets/STAT3,EGFR_P_STAT3_238
EGFR P STAT3,CHEMBL424093,25.0,0.015158680267632,0.5384529537556803,0.9414545234252326,0.0,0.45,Brc1cccc(Nc2ncnc3ccc(N/N=N/Cc4ccccc4)cc23)c1,433.31300000000016,6.115200000000003,2.0,5.0,1.0,EGFR_P_STAT3,STAT3,Inhibidores/Targets/STAT3,EGFR_P_STAT3_239
EGFR P STAT3,CHEMBL14932,98.0,0.0210165344178676,0.58,0.9135816131031916,0.0,0.5975,Oc1ccc2ncnc(Nc3ccc(OCc4ccccc4)cc3)c2c1,343.386,4.658000000000003,2.0,5.0,0.0,EGFR_P_STAT3,STAT3,Inhibidores/Targets/STAT3,EGFR_P_STAT3_240
EGFR P STAT3,CHEMBL3133897,4400.0,0.1225710064172744,0.5897560975609756,0.9292419289324184,0.0,0.3373333333333333,C=CC(=O)N1CCc2c(sc3ncnc(Nc4ccc(Br)c(C)c4)c23)C1,429.3430000000001,4.576520000000003,1.0,5.0,0.0,EGFR_P_STAT3,STAT3,Inhibidores/Targets/STAT3,EGFR_P_STAT3_241
EGFR P STAT3,CHEMBL3979610,6.0,0.024308742955327,0.400406976744186,0.908517568812887,0.0,0.56,Fc1ccc(Nc2nncc3ccccc23)cc1,239.25300000000004,3.512500000000001,1.0,3.0,0.0,EGFR_P_STAT3,STAT3,Inhibidores/Targets/STAT3,EGFR_P_STAT3_242
EGFR P STAT3,CHEMBL2325087,660.0,0.2633677124977112,0.3102,0.934135285085264,0.0,0.03,NC(=S)N1N=C(c2ccc(Cl)c(Cl)c2)CC1c1ccc2ccccc2c1,400.3340000000002,5.541300000000003,1.0,2.0,1.0,EGFR_P_STAT3,STAT3,Inhibidores/Targets/STAT3,EGFR_P_STAT3_243
EGFR P STAT3,CHEMBL2325088,2520.0,0.0728060752153396,0.2952,0.9024876078703156,0.0,0.02,c1ccc(C2=NN(c3ccccc3)C(c3cccc4ccccc34)C2)cc1,348.4490000000001,6.1955000000000044,0.0,2.0,1.0,EGFR_P_STAT3,STAT3,Inhibidores/Targets/STAT3,EGFR_P_STAT3_244
EGFR P STAT3,CHEMBL4647325,690.0,0.0049076755531132,0.490406976744186,0.9550312492014542,0.0,0.57,Nc1nc(Nc2nnc3c4ccccc4nc(Sc4ccc(Br)cc4)n23)cs1,470.3810000000001,4.973500000000001,2.0,9.0,0.0,EGFR_P_STAT3,STAT3,Inhibidores/Targets/STAT3,EGFR_P_STAT3_245
EGFR P STAT3,CHEMBL330224,100.0,0.0067603825591504,0.6048815251842518,0.9066027470013664,0.0,0.3933333333333333,Nc1ccc2c(Nc3ccccc3)ncnc2c1,236.27800000000005,2.9556000000000013,2.0,4.0,0.0,EGFR_P_STAT3,STAT3,Inhibidores/Targets/STAT3,EGFR_P_STAT3_246
EGFR P STAT3,CHEMBL4441037,111.0,0.2338857799768448,0.5889189189189189,0.9193640404823018,0.0,0.0,C=CC(=O)Nc1ccc(OC)c(Nc2cc(-c3c(-c4ccc(F)cc4)nc(SC)n3C)ccn2)c1,489.5760000000001,5.8868000000000045,2.0,7.0,1.0,EGFR_P_STAT3,STAT3,Inhibidores/Targets/STAT3,EGFR_P_STAT3_247
EGFR P STAT3,CHEMBL2325109,3010.0,0.1068086326122284,0.3102,0.9319357663640172,0.0,0.08,NC(=S)N1N=C(c2ccccc2)CC1c1ccc2ccccc2c1,331.4440000000001,4.234500000000003,1.0,2.0,0.0,EGFR_P_STAT3,STAT3,Inhibidores/Targets/STAT3,EGFR_P_STAT3_248
EGFR P STAT3,CHEMBL391321,45.0,0.3434158265590668,0.4875806451612903,0.9010600209305144,0.0,0.02,OCCNCc1ccn2ncnc(Nc3ccc4c(cnn4Cc4cccc(F)c4)c3)c12,431.4750000000002,3.0919000000000008,3.0,8.0,0.0,EGFR_P_STAT3,STAT3,Inhibidores/Targets/STAT3,EGFR_P_STAT3_249
EGFR P STAT3,CHEMBL3970063,45100.0,0.3509087562561035,0.485,0.902256438933426,0.0,0.08,Nc1nc(Nc2cccc(Cl)c2)c2c(n1)-c1ccccc1C2,308.77200000000005,4.027000000000001,2.0,4.0,0.0,EGFR_P_STAT3,STAT3,Inhibidores/Targets/STAT3,EGFR_P_STAT3_250
EGFR P STAT3,CHEMBL256295,12.0,0.1801284402608871,0.5659037287871005,0.943431951898132,0.0,0.8,Nc1ncnc(Nc2ccc3c(cnn3Cc3cccc(F)c3)c2)c1/C=N/O,377.383,3.147600000000001,3.0,8.0,0.0,EGFR_P_STAT3,STAT3,Inhibidores/Targets/STAT3,EGFR_P_STAT3_251
EGFR P STAT3,CHEMBL4246256,52110.0,0.1763766556978225,0.6018701298701299,0.97049488900912,0.0,0.04,Oc1cccc(Nc2nnnc3sc4c(c23)CCC4)c1,284.34400000000005,3.0242000000000004,2.0,6.0,0.0,EGFR_P_STAT3,STAT3,Inhibidores/Targets/STAT3,EGFR_P_STAT3_252
EGFR P STAT3,CHEMBL2325110,3280.0,0.134401187300682,0.282,0.9302539650296824,0.0,0.01,NC(=S)N1N=C(c2ccc(F)cc2)CC1c1ccc2ccccc2c1,349.4340000000001,4.373600000000002,1.0,2.0,0.0,EGFR_P_STAT3,STAT3,Inhibidores/Targets/STAT3,EGFR_P_STAT3_253
EGFR P STAT3,CHEMBL5199341,1.6,0.0101688848808407,0.520406976744186,0.901268913433991,0.0,0.44,Nc1ccc2ncnc(Nc3cccc4ccccc34)c2c1,286.3380000000001,4.108800000000002,2.0,4.0,0.0,EGFR_P_STAT3,STAT3,Inhibidores/Targets/STAT3,EGFR_P_STAT3_254
EGFR P STAT3,CHEMBL73820,25000.0,0.3417051434516907,0.2,0.9101740010009186,0.0,0.31,N#C/C(=C\c1ccc(O)c(O)c1)C(=O)O,205.169,1.0893799999999998,3.0,4.0,0.0,EGFR_P_STAT3,STAT3,Inhibidores/Targets/STAT3,EGFR_P_STAT3_255
EGFR P STAT3,CHEMBL3985894,232700.0,0.0479969829320907,0.435,0.9329968630451416,0.0,0.03,Nc1nc(Nc2ccccc2)c2c(n1)-c1ccccc1C2,274.32700000000006,3.373600000000001,2.0,4.0,0.0,EGFR_P_STAT3,STAT3,Inhibidores/Targets/STAT3,EGFR_P_STAT3_256
EGFR P STAT3,CHEMBL4638857,7560.0,0.03216153383255,0.3404069767441861,0.90569804074229,0.0,0.02,Clc1nc2ccccc2c2nnc(/N=C/C=C/c3ccccc3)n12,333.782,4.346600000000003,0.0,5.0,0.0,EGFR_P_STAT3,STAT3,Inhibidores/Targets/STAT3,EGFR_P_STAT3_257
EGFR P STAT3,CHEMBL2325105,5680.0,0.0924135744571685,0.3501999999999999,0.9232498155647352,0.0,0.215,NC(=S)N1N=C(c2ccc(Br)cc2)CC1c1cccc2ccccc12,410.34000000000015,4.997000000000003,1.0,2.0,0.0,EGFR_P_STAT3,STAT3,Inhibidores/Targets/STAT3,EGFR_P_STAT3_258
EGFR P STAT3,CHEMBL509914,9.12,0.0214261952787637,0.520406976744186,0.915551991080322,0.0,0.64,O=C(/C=C/c1ccccc1)Cc1cc2c(Nc3cccc(Br)c3)ncnc2cn1,445.3200000000001,5.355900000000004,1.0,5.0,1.0,EGFR_P_STAT3,STAT3,Inhibidores/Targets/STAT3,EGFR_P_STAT3_259
EGFR P STAT3,CHEMBL3915508,4.1,0.0217796508222818,0.43,0.906699673337674,0.0,0.27,N#Cc1ccc(Nc2nncc3ccccc23)cc1,246.273,3.245080000000001,1.0,4.0,0.0,EGFR_P_STAT3,STAT3,Inhibidores/Targets/STAT3,EGFR_P_STAT3_260
EGFR P STAT3,CHEMBL524115,0.912,0.0488674081861972,0.58,0.920862386112703,0.0,0.75,C=CC(=O)Cc1cc2c(Nc3cccc(Br)c3)ncnc2cn1,369.222,3.828500000000002,1.0,5.0,0.0,EGFR_P_STAT3,STAT3,Inhibidores/Targets/STAT3,EGFR_P_STAT3_261
EGFR P STAT3,CHEMBL3902576,98800.0,0.1256722062826156,0.495,0.910467091985802,0.0,0.04,Nc1nc(Nc2cccc(Br)c2)c2c(n1)-c1ccccc1C2,353.22300000000007,4.136100000000002,2.0,4.0,0.0,EGFR_P_STAT3,STAT3,Inhibidores/Targets/STAT3,EGFR_P_STAT3_262
EGFR P STAT3,CHEMBL187431,29400.0,0.035269159823656,0.5855438628465893,0.9089577400530152,0.0,0.065,Cc1ccc(Nc2ncnn3c(C)ccc23)cc1O,254.293,2.795340000000001,2.0,5.0,0.0,EGFR_P_STAT3,STAT3,Inhibidores/Targets/STAT3,EGFR_P_STAT3_263
EGFR P STAT3,CHEMBL76602,165000.0,0.241351306438446,0.1,0.9077083000198508,0.0,0.695,N#C/C(=C\c1ccc(O)cc1)C(=O)O,189.17,1.3837799999999998,2.0,3.0,0.0,EGFR_P_STAT3,STAT3,Inhibidores/Targets/STAT3,EGFR_P_STAT3_264
EGFR P STAT3,CHEMBL5182567,2.2,0.1198832392692565,0.65,0.9046066523833164,0.0,0.2683333333333333,C=CC(=O)Nc1ccc2ncnc(Nc3ccc4[nH]cc(Br)c4c3)c2c1,408.25900000000007,4.7417000000000025,3.0,4.0,0.0,EGFR_P_STAT3,STAT3,Inhibidores/Targets/STAT3,EGFR_P_STAT3_265
EGFR P STAT3,CHEMBL2325101,50.0,0.187866523861885,0.2702,0.9311245538243036,0.0,0.09,Clc1ccc(C2=NN(c3ccccc3)C(c3ccc4ccccc4c3)C2)cc1Cl,417.33900000000017,7.502300000000004,0.0,2.0,1.0,EGFR_P_STAT3,STAT3,Inhibidores/Targets/STAT3,EGFR_P_STAT3_266
EGFR P STAT3,CHEMBL4646644,4280.0,0.0279710609465837,0.5933333333333334,0.9260414214860506,0.0,0.635,COc1ccc(/C=N/c2nnc3c4ccccc4nc(Nc4ccc(C)cc4N)n23)cc1O,439.47900000000016,4.376520000000003,3.0,9.0,0.0,EGFR_P_STAT3,STAT3,Inhibidores/Targets/STAT3,EGFR_P_STAT3_267
EGFR P STAT3,CHEMBL93302,4.786,0.0364040210843086,0.490406976744186,0.9155722146318958,0.0,0.34,Oc1ccc2c(Nc3cccc(Br)c3)ncnc2c1,316.158,3.841500000000001,2.0,4.0,0.0,EGFR_P_STAT3,STAT3,Inhibidores/Targets/STAT3,EGFR_P_STAT3_268
EGFR P STAT3,CHEMBL5169328,351.9,0.008922534994781,0.5636373748609567,0.923397675449461,0.0,0.01,C=CCn1ccc2cc(Nc3ncnc4ccc(N)cc34)ccc21,315.38000000000005,4.096300000000002,2.0,5.0,0.0,EGFR_P_STAT3,STAT3,Inhibidores/Targets/STAT3,EGFR_P_STAT3_269
EGFR P STAT3,CHEMBL308133,1500000.0,0.2838276922702789,0.020406976744186,0.9202002114803538,0.0,0.0266666666666666,O=C(O)C(=Cc1ccc(O)cc1)C(=O)O,208.169,0.9448,3.0,3.0,0.0,EGFR_P_STAT3,STAT3,Inhibidores/Targets/STAT3,EGFR_P_STAT3_270
EGFR P STAT3,CHEMBL53203,5.8,0.093419499695301,0.67,0.9328141211660084,0.0,0.0533333333333333,C=CC(=O)Nc1ccc2ncnc(Nc3ccc(Oc4ccccc4)cc3)c2c1,382.42300000000006,5.290200000000003,2.0,5.0,1.0,EGFR_P_STAT3,STAT3,Inhibidores/Targets/STAT3,EGFR_P_STAT3_271
EGFR P STAT3,CHEMBL4171764,2.61,0.0558663643896579,0.4079161068816241,0.910358002086269,0.0,0.665,Brc1cccc(Nc2ncnc3sc4c(c23)CCCC4)c1,360.28000000000026,5.076200000000002,1.0,4.0,1.0,EGFR_P_STAT3,STAT3,Inhibidores/Targets/STAT3,EGFR_P_STAT3_272
EGFR P STAT3,CHEMBL2324871,350.0,0.1104272976517677,0.3102,0.932484257402392,0.0,0.01,NC(=S)N1N=C(c2ccc(Br)cc2)CC1c1ccc2ccccc2c1,410.34000000000015,4.997000000000003,1.0,2.0,0.0,EGFR_P_STAT3,STAT3,Inhibidores/Targets/STAT3,EGFR_P_STAT3_273
EGFR P STAT3,CHEMBL255438,23.0,0.1496182531118393,0.6056266221727846,0.9011594121997156,0.0,0.2533333333333333,Nc1ncnc(Nc2ccc3c(cnn3Cc3cccc(F)c3)c2)c1/C=N/OCc1ccccc1,467.50800000000015,4.890200000000004,2.0,8.0,0.0,EGFR_P_STAT3,STAT3,Inhibidores/Targets/STAT3,EGFR_P_STAT3_274
EGFR P STAT3,CHEMBL2325096,300.0,0.0932468846440315,0.242,0.9270796649884449,0.0,0.025,Fc1ccc(C2=NN(c3ccccc3)C(c3ccc4ccccc4c3)C2)cc1,366.43900000000014,6.3346000000000044,0.0,2.0,1.0,EGFR_P_STAT3,STAT3,Inhibidores/Targets/STAT3,EGFR_P_STAT3_275
EGFR P STAT3,CHEMBL540701,79.43,0.014278806746006,0.5650459770114943,0.9181130723445042,0.0,0.255,C=CCOc1ccc2ncnc(Nc3ccc(OCc4ccccc4)cc3)c2c1,383.4510000000001,5.517200000000004,1.0,5.0,1.0,EGFR_P_STAT3,STAT3,Inhibidores/Targets/STAT3,EGFR_P_STAT3_276
EGFR P STAT3,CHEMBL5208907,0.74,0.0125732757151126,0.5268355481727575,0.9097432220551392,0.0,0.605,Nc1ccc2ncnc(Nc3ccc4[nH]cc(Br)c4c3)c2c1,354.2110000000001,4.199400000000002,3.0,4.0,0.0,EGFR_P_STAT3,STAT3,Inhibidores/Targets/STAT3,EGFR_P_STAT3_277
EGFR P STAT3,CHEMBL4251297,38730.0,0.0662223994731903,0.4317560975609755,0.9741629934187258,0.0,0.02,Oc1ccc(Nc2nnnc3sc4c(c23)CCC4)cc1,284.344,3.0242000000000013,2.0,6.0,0.0,EGFR_P_STAT3,STAT3,Inhibidores/Targets/STAT3,EGFR_P_STAT3_278
EGFR P STAT3,CHEMBL2325103,8250.0,0.1401896178722381,0.302,0.920740404261819,0.0,0.06,NC(=S)N1N=C(c2ccc(F)cc2)CC1c1cccc2ccccc12,349.4340000000001,4.373600000000002,1.0,2.0,0.0,EGFR_P_STAT3,STAT3,Inhibidores/Targets/STAT3,EGFR_P_STAT3_279
EGFR P STAT3,CHEMBL79215,1.0,0.007029206957668,0.47,0.9008916280186716,0.0,0.445,c1ccc(NCCN(c2cc3ncnc(Nc4ccc5[nH]ccc5c4)c3s2)n2cccc2)cc1,465.5860000000001,6.099500000000004,3.0,7.0,1.0,EGFR_P_STAT3,STAT3,Inhibidores/Targets/STAT3,EGFR_P_STAT3_280
EGFR P STAT3,CHEMBL1365395,3920.0,0.0397551916539669,0.54,0.9045394753595768,0.0,0.35,Cc1ccc2c(C)nc(Nc3nc(O)cc(CSc4nnnn4-c4ccccc4)n3)nc2c1,457.52300000000014,3.75384,2.0,11.0,1.0,EGFR_P_STAT3,STAT3,Inhibidores/Targets/STAT3,EGFR_P_STAT3_281
EGFR P STAT3,CHEMBL65063,2700.0,0.0240307226777076,0.3731304790483334,0.9199410314066192,0.0,0.05,Nc1ncnc2c1cnn2-c1ccccc1,211.228,1.3977,1.0,5.0,0.0,EGFR_P_STAT3,STAT3,Inhibidores/Targets/STAT3,EGFR_P_STAT3_282
EGFR P STAT3,CHEMBL307026,570.0,0.0241385251283645,0.3463230836258101,0.9087917845947904,0.0,0.01,Cc1cccc(Nc2ncnc3[nH]c(C)c(C)c23)c1,252.32100000000003,3.6267600000000018,2.0,3.0,0.0,EGFR_P_STAT3,STAT3,Inhibidores/Targets/STAT3,EGFR_P_STAT3_283
EGFR P STAT3,CHEMBL2325098,710.0,0.071808211505413,0.2702,0.9294037598347524,0.0,0.0633333333333333,Brc1ccc(C2=NN(c3ccccc3)C(c3ccc4ccccc4c3)C2)cc1,427.34500000000014,6.9580000000000055,0.0,2.0,1.0,EGFR_P_STAT3,STAT3,Inhibidores/Targets/STAT3,EGFR_P_STAT3_284
EGFR P STAT3,CHEMBL2325108,210.0,0.3183642625808716,0.3901999999999999,0.936104464342151,0.0,0.63,NC(=S)N1N=C(c2ccc(Cl)c(Cl)c2)CC1c1cccc2ccccc12,400.3340000000002,5.541300000000003,1.0,2.0,1.0,EGFR_P_STAT3,STAT3,Inhibidores/Targets/STAT3,EGFR_P_STAT3_285
EGFR P STAT3,CHEMBL2325104,940.0,0.1918854117393493,0.3301999999999999,0.9118659971590984,0.0,0.08,NC(=S)N1N=C(c2ccc(Cl)cc2)CC1c1cccc2ccccc12,365.88900000000007,4.887900000000003,1.0,2.0,0.0,EGFR_P_STAT3,STAT3,Inhibidores/Targets/STAT3,EGFR_P_STAT3_286
EGFR P STAT3,CHEMBL2325089,1070.0,0.118765652179718,0.237,0.9171716726969644,0.0,0.025,Fc1ccc(C2=NN(c3ccccc3)C(c3cccc4ccccc34)C2)cc1,366.4390000000002,6.3346000000000044,0.0,2.0,1.0,EGFR_P_STAT3,STAT3,Inhibidores/Targets/STAT3,EGFR_P_STAT3_287
EGFR P STAT3,CHEMBL204570,40.0,0.4312942624092102,0.72,0.916059377647192,0.0,0.04,OCc1cccc(C#Cc2cncnc2Nc2ccc(OCc3cccc(F)c3)c(Cl)c2)n1,460.8960000000002,4.878800000000003,2.0,6.0,0.0,EGFR_P_STAT3,STAT3,Inhibidores/Targets/STAT3,EGFR_P_STAT3_288
EGFR P STAT3,CHEMBL137189,200.0,0.0211564619094133,0.5184529537556802,0.9351196340557688,0.0,0.33,C/N=N/Nc1ccc2ncnc(Nc3cccc(C)c3)c2c1,292.34600000000006,4.090720000000002,2.0,5.0,0.0,EGFR_P_STAT3,STAT3,Inhibidores/Targets/STAT3,EGFR_P_STAT3_289
EGFR P STAT3,CHEMBL2325102,2230.0,0.0927117466926574,0.3301999999999999,0.9226325291800636,0.0,0.175,NC(=S)N1N=C(c2ccccc2)CC1c1cccc2ccccc12,331.4440000000001,4.234500000000002,1.0,2.0,0.0,EGFR_P_STAT3,STAT3,Inhibidores/Targets/STAT3,EGFR_P_STAT3_290
EGFR P STAT3,CHEMBL3759257,21.0,0.0340513102710247,0.4150459770114942,0.9092551774427624,0.0,0.44,OCc1ccc(-c2cc3c(Nc4ccccc4)ncnc3s2)cc1,333.41600000000005,4.5942000000000025,2.0,5.0,0.0,EGFR_P_STAT3,STAT3,Inhibidores/Targets/STAT3,EGFR_P_STAT3_291
EGFR P STAT3,CHEMBL2325090,680.0,0.1477369666099548,0.2652,0.907937640483987,0.0,0.0883333333333333,Clc1ccc(C2=NN(c3ccccc3)C(c3cccc4ccccc34)C2)cc1,382.8940000000002,6.848900000000005,0.0,2.0,1.0,EGFR_P_STAT3,STAT3,Inhibidores/Targets/STAT3,EGFR_P_STAT3_292
EGFR P STAT3,CHEMBL361322,5011.87,0.014796226285398,0.476642270861833,0.950194819444958,0.0,0.07,c1ccc(Cc2nc3cc(Nc4ncnc5nn6ccccc6c45)ccc3[nH]2)cc1,391.4380000000001,4.488200000000003,2.0,6.0,0.0,EGFR_P_STAT3,STAT3,Inhibidores/Targets/STAT3,EGFR_P_STAT3_293
EGFR P STAT3,CHEMBL246694,140.0,0.3890245854854584,0.490406976744186,0.9423373554451088,0.0,0.385,NC(=O)COCc1ccn2ncnc(Nc3ccc4c(cnn4Cc4cccc(F)c4)c3)c12,445.4580000000002,3.0119000000000007,2.0,8.0,0.0,EGFR_P_STAT3,STAT3,Inhibidores/Targets/STAT3,EGFR_P_STAT3_294
EGFR P STAT3,CHEMBL4873202,690.0,0.0396740175783634,0.4,0.9640914772250372,0.0,0.555,Oc1ccc(/C=N/Nc2nc3ccccc3c3nncn23)cc1,304.31300000000005,2.4291,2.0,7.0,0.0,EGFR_P_STAT3,STAT3,Inhibidores/Targets/STAT3,EGFR_P_STAT3_295
EGFR P STAT3,CHEMBL5186969,251.3,0.0385678634047508,0.595,0.9482058287189992,0.0,0.03,Nc1ccc2ncnc(Nc3ccc4c(c3)CCC4)c2c1,276.343,3.444300000000002,2.0,4.0,0.0,EGFR_P_STAT3,STAT3,Inhibidores/Targets/STAT3,EGFR_P_STAT3_296
EGFR P STAT3,CHEMBL186001,200.0,0.0578559376299381,0.5831245080078797,0.9047576515564354,0.0,0.3516666666666667,Cc1ccc(Nc2ncnn3cc(C)c(C)c23)cc1O,268.32,3.1037600000000016,2.0,5.0,0.0,EGFR_P_STAT3,STAT3,Inhibidores/Targets/STAT3,EGFR_P_STAT3_297
EGFR P STAT3,CHEMBL2325095,240.0,0.0794554725289344,0.2602,0.9139873931070588,0.0,0.09,c1ccc(C2=NN(c3ccccc3)C(c3ccc4ccccc4c3)C2)cc1,348.4490000000001,6.1955000000000044,0.0,2.0,1.0,EGFR_P_STAT3,STAT3,Inhibidores/Targets/STAT3,EGFR_P_STAT3_298
EGFR P STAT3,CHEMBL205047,76.0,0.3491055965423584,0.6898701298701299,0.9061135583053416,0.0,0.1833333333333333,OCc1nc(C#Cc2cncnc2Nc2ccc(OCc3cccc(F)c3)c(Cl)c2)cs1,466.9250000000002,4.940300000000003,2.0,7.0,0.0,EGFR_P_STAT3,STAT3,Inhibidores/Targets/STAT3,EGFR_P_STAT3_299
EGFR P STAT3,CHEMBL246276,120.0,0.3021275103092193,0.6059037287871005,0.9277878331295089,0.0,0.04,OCc1ccn2ncnc(Nc3ccc4c(cnn4Cc4cccc(F)c4)c3)c12,388.4060000000002,3.5023000000000017,2.0,7.0,0.0,EGFR_P_STAT3,STAT3,Inhibidores/Targets/STAT3,EGFR_P_STAT3_300
EGFR P STAT3,CHEMBL2325094,140.0,0.2645800709724426,0.3251999999999999,0.9331773069106568,0.0,0.3933333333333333,Clc1ccc(C2=NN(c3ccccc3)C(c3cccc4ccccc34)C2)cc1Cl,417.33900000000017,7.502300000000004,0.0,2.0,1.0,EGFR_P_STAT3,STAT3,Inhibidores/Targets/STAT3,EGFR_P_STAT3_301
EGFR P STAT3,CHEMBL2325091,490.0,0.0633787810802459,0.3051999999999999,0.919784228748874,0.0,0.49,Brc1ccc(C2=NN(c3ccccc3)C(c3cccc4ccccc34)C2)cc1,427.34500000000014,6.9580000000000055,0.0,2.0,1.0,EGFR_P_STAT3,STAT3,Inhibidores/Targets/STAT3,EGFR_P_STAT3_302
EGFR P STAT3,CHEMBL555321,50.0,0.0397159866988658,0.400406976744186,0.913157820010404,0.0,0.5216666666666667,Cl.Clc1cccc(Nc2ncnc3ccccc23)c1,292.16900000000004,4.4486000000000026,1.0,3.0,0.0,EGFR_P_STAT3,STAT3,Inhibidores/Targets/STAT3,EGFR_P_STAT3_303
EGFR P STAT3,CHEMBL4575583,1.0,0.3041007220745086,0.6069189189189188,0.9114936330481812,0.0,0.115,C=CC(=O)Nc1ccc(OC)c(Nc2cc(-c3nc(SC)n(C)c3-c3ccc(F)cc3)ccn2)c1,489.57600000000014,5.8868000000000045,2.0,7.0,1.0,EGFR_P_STAT3,STAT3,Inhibidores/Targets/STAT3,EGFR_P_STAT3_304
EGFR P STAT3,CHEMBL153409,732.0,0.0223472919315099,0.3780459770114943,0.9036566566135634,0.0,0.38,Brc1cccc(Nc2ncnc3c2sc2ncccc23)c1,357.23600000000005,4.745600000000001,1.0,5.0,0.0,EGFR_P_STAT3,STAT3,Inhibidores/Targets/STAT3,EGFR_P_STAT3_305
EGFR P STAT3,CHEMBL394057,30.0,0.4054023623466491,0.5479876219054763,0.9117085170825568,0.0,0.235,O=C(O)COCc1ccn2ncnc(Nc3ccc4c(cnn4Cc4cccc(F)c4)c3)c12,446.4420000000002,3.611200000000002,2.0,8.0,0.0,EGFR_P_STAT3,STAT3,Inhibidores/Targets/STAT3,EGFR_P_STAT3_306
EGFR P STAT3,CHEMBL188522,340.0,0.0425414964556694,0.5831245080078797,0.9189279403254326,0.0,0.27,Cc1ccc(Nc2ncnn3ccc(C)c23)cc1O,254.293,2.7953400000000017,2.0,5.0,0.0,EGFR_P_STAT3,STAT3,Inhibidores/Targets/STAT3,EGFR_P_STAT3_307
EGFR P STAT3,CHEMBL182254,32.0,0.0942179933190345,0.603,0.925910157677919,0.0,0.15,Fc1cccc(COc2ccc(Nc3ncnc4nn5ccccc5c34)cc2Cl)c1,419.8470000000001,5.3926000000000025,1.0,6.0,1.0,EGFR_P_STAT3,STAT3,Inhibidores/Targets/STAT3,EGFR_P_STAT3_308
MAPK1 P STAT3,CHEMBL3318029,0.6766941547393799,30.0,0.5802692307692309,0.9033596859678136,0.0,0.29,Cn1cc(-c2cnc3ccc(NC(=O)NCc4ccccc4)nc3c2)cn1,358.40500000000003,3.352000000000001,2.0,5.0,0.0,MAPK1_P_STAT3,STAT3,Inhibidores/Targets/STAT3,MAPK1_P_STAT3_309
MAPK1 P STAT3,CHEMBL3318027,0.4199045300483703,429.0,0.44,0.9137369107275186,0.0,0.01,Cn1cc(-c2cnc3ccc(NC(=O)NC(C)(C)C)nc3c2)cn1,324.38800000000003,2.9503000000000013,2.0,5.0,0.0,MAPK1_P_STAT3,STAT3,Inhibidores/Targets/STAT3,MAPK1_P_STAT3_310
MAPK1 P STAT3,CHEMBL3318032,0.3409661650657654,31600.0,0.4,0.9078350163217151,0.0,0.125,Cn1cc(-c2cnc3c(NC(=O)NC(C)(C)C)ccnc3c2)cn1,324.38800000000003,2.9503000000000013,2.0,5.0,0.0,MAPK1_P_STAT3,STAT3,Inhibidores/Targets/STAT3,MAPK1_P_STAT3_311
SRC P STAT3,CHEMBL7052,0.0883404314517974,0.0315602608025074,1550000.0,0.9514564472152268,0.0,0.02,Oc1cc(Nc2ccccc2)ncn1,187.202,1.9257999999999995,2.0,4.0,0.0,SRC_P_STAT3,STAT3,Inhibidores/Targets/STAT3,SRC_P_STAT3_312
SRC P STAT3,CHEMBL3769798,0.1577161699533462,0.2015111595392227,10000.0,0.9168271822824532,0.0,0.1333333333333333,CC(C)(C)n1nc(-c2cnc3cc(OC4CCC4)ccc3c2)c(C(N)=O)c1N,379.4640000000001,3.4657,2.0,6.0,0.0,SRC_P_STAT3,STAT3,Inhibidores/Targets/STAT3,SRC_P_STAT3_313
SRC P STAT3,CHEMBL3770313,0.1287519335746765,0.2111245095729828,4750.0,0.9251175657438376,0.0,0.03,CC(C)(C)n1nc(-c2cnc3cc(OC4CC4)ccc3c2)c(C(N)=O)c1N,365.4370000000001,3.0756,2.0,6.0,0.0,SRC_P_STAT3,STAT3,Inhibidores/Targets/STAT3,SRC_P_STAT3_314
SRC P STAT3,CHEMBL4436086,0.9362901449203492,0.089449904859066,897.0,0.9219860519031632,0.0,0.06,Oc1cccc(Nc2nc(/C=C/c3cc4c(cc3Br)OCO4)nc3ccccc23)c1,462.30300000000017,5.740600000000002,2.0,6.0,1.0,SRC_P_STAT3,STAT3,Inhibidores/Targets/STAT3,SRC_P_STAT3_315
SRC P STAT3,CHEMBL261450,0.0987130105495452,0.050459798425436,93.0,0.9377567629093596,0.0,0.4475,NC(=O)c1c(Nc2ccccc2)nn2c(N)cc(C3CC3)nc12,308.3450000000001,2.0314,3.0,6.0,0.0,SRC_P_STAT3,STAT3,Inhibidores/Targets/STAT3,SRC_P_STAT3_316
SRC EGFR P STAT3,CHEMBL122182,8.0,0.2296742647886276,400.0,0.9047469296695284,0.0,0.2,Oc1ccc(Nc2[nH]nc3ncnc(Nc4cccc(Cl)c4)c23)cc1,352.78500000000014,4.199100000000001,4.0,6.0,0.0,SRC_EGFR_P_STAT3,STAT3,Inhibidores/Targets/STAT3,SRC_EGFR_P_STAT3_317
SRC EGFR P STAT3,CHEMBL157021,16000.0,0.1794109791517257,1500.0,0.9200595656521964,0.0,0.205,NC(=O)CCc1c(SSc2[nH]c3ccccc3c2CCC(N)=O)[nH]c2ccccc12,438.57800000000026,4.284400000000002,4.0,4.0,0.0,SRC_EGFR_P_STAT3,STAT3,Inhibidores/Targets/STAT3,SRC_EGFR_P_STAT3_318
SRC EGFR P STAT3,CHEMBL1242755,540.0,0.0500605553388595,716.0,0.901877601394206,0.0,0.6,Nc1ncnc2c1c(-c1cnc3ccccc3c1)nn2C1CCCC1,330.3950000000002,3.738800000000002,1.0,6.0,0.0,SRC_EGFR_P_STAT3,STAT3,Inhibidores/Targets/STAT3,SRC_EGFR_P_STAT3_319
